,playerId,Player,positionCode,gamesPlayed,goals,assists,ot_goals,time_on_ice_per_game,teamAbbrevs,goals_up_by_one,TOI_Down_One,goals_down_by_one,TOI_Tied,goals_when_tied,TOI,total_goals,shots,ixG,iFF,iSCF,iHDCF,rebounds_created,iCF,SH%,off_zone_starts,on_the_fly_starts,clutch_goals,TOI_Clutch,ot_goals_per_60,assists_per_60,goals_up_by_one_per_60,goals_down_by_one_per_60,goals_when_tied_per_60,shots_per_60,ixG_per_60,iFF_per_60,iSCF_per_60,iHDCF_per_60,iCF_per_60,rebounds_created_per_60,off_zone_starts_per_60,on_the_fly_starts_per_60,clutch_score,clutch_score_rank,predicted_clutch_score,actual_clutch_score_adjusted,predicted_clutch_score_adjusted,lower_bound_log,upper_bound_log,Significantly_Clutch,shap_iSCF_per_60,shap_assists_per_60,shap_rebounds_created_per_60,shap_SH%,season
28,8475166,John Tavares,C,157,69,76,3,1092.0898000000002,TOR,11.0,539.25,14.0,932.96666666667,22.0,2857.4666666667,69.0,392.0,65.86,584.0,546.0,297.0,75.0,725.0,17.6,380.0,1670.0,36.0,1472.2166666666699,0.1222646123192915,3.0973701787553845,0.4483035785040688,0.5705681908233604,0.8966071570081376,15.975909343054088,2.6841157891161793,23.800844531488746,22.252159442111054,12.104196619609858,29.54728131049545,3.0566153079822875,15.486850893776925,68.06063419107228,14.67,15.0,2.8020869689533088,27.52,28.02,20.57,29.61,Inside Range,0.2624137048659644,0.07944711034131993,0.06649586929995377,0.1694119897698424,2024-2026
416,8482740,Wyatt Johnston,C,164,78,79,2,1171.47555,DAL,10.0,558.41666666667,11.0,1193.4333333333,27.0,3202.0333333333,78.0,408.0,72.0,600.0,592.0,305.0,88.0,791.0,19.12,390.0,1658.0,38.0,1751.84999999997,0.06849901532665585,2.7057111054029064,0.34249507663327927,0.37674458429660723,0.924736706909854,13.973799126637795,2.465964551759611,20.549704597996758,20.275708536690136,10.44609983731502,27.09136056169239,3.013956674372858,13.357307988697892,56.7856837057977,13.01,29.0,2.7799420310988605,26.4,27.8,19.84,29.15,Inside Range,0.20205945017983656,0.04387255771282819,0.07054304082772261,0.23914868770224385,2024-2026
55,8475786,Zach Hyman,L,131,58,38,2,1165.9624,EDM,8.0,486.68333333333,11.0,806.8,16.0,2537.4166666667,58.0,369.0,73.86,554.0,524.0,370.0,91.0,664.0,15.72,374.0,1384.0,27.0,1293.48333333333,0.09277274542900976,1.7626821631511855,0.37109098171603905,0.5102500998595537,0.7421819634320781,17.1165715316523,3.4260974886933306,25.698050483835708,24.306459302400558,17.162957904366806,30.80055148243124,4.2211599170199445,17.348503395224824,64.19873983687475,12.52,39.0,2.7771079905662592,26.04,27.77,21.67,30.66,Inside Range,0.2875959466895128,-0.07270157419912332,0.16141076483964795,0.17648455855999456,2024-2026
146,8477511,Anthony Mantha,R,94,37,34,0,872.69415,PIT,5.0,208.9,6.0,461.7,13.0,1410.9,37.0,167.0,21.81,238.0,189.0,101.0,32.0,316.0,22.16,162.0,938.0,19.0,670.6,0.0,3.0420518938264243,0.44736057262153295,0.5368326871458395,1.1631374888159858,14.9418431255592,1.9513868177751268,21.29436325678497,16.910229645093942,9.036683566954965,28.273188189680884,2.863107664777811,14.494482552937667,83.92484342379957,17.0,7.0,2.756377804919322,28.9,27.56,19.63,29.31,Inside Range,0.06431531090865206,0.07804630919020081,0.06187932424728054,0.3278185658969569,2024-2026
228,8479314,Matthew Tkachuk,L,83,35,56,0,1096.0229,FLA,9.0,280.31666666667,5.0,480.31666666667,9.0,1515.4166666667,35.0,244.0,39.84,381.0,266.0,152.0,65.0,508.0,14.34,220.0,848.0,14.0,760.63333333334,0.0,4.417371488671682,0.7099347035365203,0.39440816863140016,0.7099347035365203,19.247118629212327,3.142644287654997,30.053902449712695,20.98251457119049,11.990008326394566,40.07186993295026,5.127306192208202,17.35395941978161,66.89162539988547,11.04,77.0,2.7557057493183357,24.88,27.56,20.23,29.59,Inside Range,0.09374431471268718,0.17624658065347873,0.1898484365990642,0.07154812267687716,2024-2026
98,8476881,Tomas Hertl,C,155,56,63,2,1024.51825,VGK,9.0,567.35,10.0,837.9,16.0,2646.3,56.0,379.0,67.87,586.0,540.0,335.0,92.0,725.0,14.78,445.0,1415.0,26.0,1405.25,0.08539405799679772,2.6899128268991284,0.3842732609855898,0.4269702899839886,0.6831524639743818,16.18217399039317,2.897847358121331,25.020458993061734,23.056395659135383,14.303504714463617,30.955346023839176,3.9281266678526956,19.000177904287494,60.41629603273439,11.1,76.0,2.740813882424435,24.93,27.41,19.86,29.02,Inside Range,0.24685166074196951,0.041155604983241695,0.13105871508645045,0.09742960693654656,2024-2026
119,8477404,Jake Guentzel,C,161,79,89,2,1207.1577499999999,TBL,17.0,626.43333333333,13.0,1095.45,23.0,3239.3333333333,79.0,436.0,71.88,613.0,529.0,313.0,94.0,740.0,18.12,481.0,1622.0,36.0,1721.88333333333,0.06969113277128738,3.1012554083222885,0.5923746285559428,0.45299236301336804,0.8014480268698049,15.192666944140651,2.5046993118000684,21.360332194399582,18.433304618005515,10.906662278706476,25.785719125376332,3.275483240250507,16.760717431494616,56.51950867751407,12.54,37.0,2.7186850369610864,26.06,27.19,22.17,31.26,Inside Range,0.10724511139173687,0.083630842454512,0.08978603183896078,0.21370475659964727,2024-2026
153,8477933,Sam Reinhart,C,143,68,74,1,1253.6711500000001,FLA,12.0,551.7,12.0,1034.2666666667,25.0,2982.0166666667,68.0,379.0,64.85,611.0,511.0,257.0,79.0,792.0,17.94,398.0,1394.0,37.0,1585.9666666667001,0.037831816557724246,2.7995544252715945,0.45398179869269095,0.45398179869269095,0.9457954139431062,14.338258475377492,2.4533933037684172,23.115239916769518,19.332058260997094,9.722776855335132,29.962798713717607,2.988713508060216,15.05706298997425,52.73755228146761,14.0,19.0,2.718399017006333,27.08,27.18,20.13,29.68,Inside Range,0.16939896214594696,0.05643457433637725,0.06662828797800041,0.20161889786977982,2024-2026
250,8479542,Brandon Hagel,L,153,71,93,0,1215.10155,TBL,13.0,571.75,9.0,1046.0333333333,23.0,3103.9166666667,71.0,442.0,65.22,647.0,530.0,228.0,96.0,903.0,16.06,389.0,1472.0,32.0,1617.7833333333,0.0,3.4491639795193723,0.4821412014381917,0.3337900625341328,0.8530190486983392,16.39280084889852,2.418865319830682,23.995796717731544,19.65652590478782,8.456014917531363,33.49026960759132,3.560427333697416,14.42714825841974,54.59321911669371,11.87,49.0,2.709603533950899,25.55,27.1,21.11,29.99,Inside Range,0.13584679289394203,0.11260135863655166,0.10433261676015743,0.13250447098401985,2024-2026
172,8478010,Brayden Point,C,140,60,72,2,1132.11465,TBL,13.0,560.68333333333,4.0,881.35,22.0,2650.15,60.0,320.0,51.78,463.0,450.0,225.0,61.0,603.0,18.75,485.0,1416.0,26.0,1442.0333333333301,0.08321582950001175,2.9957698620004227,0.5409028917500763,0.1664316590000235,0.9153741245001292,13.314532720001878,2.154457825755304,19.264464529252717,18.72356163750264,9.36178081875132,25.08957259425354,2.538082799750358,20.179838653752846,58.916807286008314,10.82,80.0,2.708120346825745,24.7,27.08,19.71,29.17,Inside Range,0.1765788347356474,0.07733018429494934,0.023081840637238282,0.20681119248168156,2024-2026
1,8471214,Alex Ovechkin,L,147,76,61,1,1055.18195,WSH,16.0,504.55,11.0,812.95,15.0,2582.85,76.0,480.0,60.2,745.0,445.0,172.0,81.0,1050.0,15.83,547.0,1499.0,26.0,1317.5,0.04554079696394687,2.7779886148007593,0.7286527514231499,0.5009487666034155,0.683111954459203,21.859582542694497,2.7415559772296016,33.92789373814041,20.265654648956357,7.8330170777988615,47.817836812144215,3.688804554079696,24.910815939278937,68.26565464895636,11.84,50.0,2.7023390871073083,25.53,27.02,20.43,30.12,Inside Range,0.16294940488693688,0.052782409460574636,0.11828965417647347,0.1439993239070958,2024-2026
218,8478864,Kirill Kaprizov,L,119,70,75,6,1338.41595,MIN,14.0,435.3,10.0,1024.1833333333,28.0,2648.6,70.0,412.0,60.76,625.0,450.0,182.0,86.0,845.0,16.99,368.0,1151.0,38.0,1459.4833333333,0.24666263175325168,3.083282896915646,0.5755461407575871,0.41110438625541945,1.1510922815151743,16.93750071372328,2.4978702508879285,25.694024140963716,18.499697381493874,7.482099829848634,34.73832063858294,3.5354977217966073,15.128641414199436,47.31811485799878,15.62,9.0,2.6941687341234113,28.11,26.94,19.39,28.41,Inside Range,0.09588060924566394,0.08243337986107532,0.10836152641095192,0.1831749239294913,2024-2026
154,8477934,Leon Draisaitl,C,136,87,116,7,1292.7749,EDM,12.0,586.08333333333,17.0,1003.5833333333,31.0,2930.1166666667,87.0,425.0,56.7,633.0,411.0,149.0,74.0,786.0,20.47,430.0,1343.0,48.0,1589.66666666663,0.26420633256448506,4.378276368211466,0.45292514153911717,0.6416439505137493,1.1700566156427195,16.041098762843735,2.140071293772329,23.891801216188433,15.512686097714765,5.623820507444038,29.666596770812177,2.7930383728245562,16.229817571818366,50.6898720905862,18.12,3.0,2.692818216937444,29.51,26.93,18.77,27.69,Outside Range,-0.015546999734974809,0.18400080115245446,0.04544165397202238,0.25460446687171057,2024-2026
232,8479337,Alex DeBrincat,R,164,80,75,3,1091.14015,DET,13.0,569.83333333333,16.0,1051.3166666667,31.0,2982.45,80.0,531.0,71.04,801.0,564.0,208.0,97.0,1035.0,15.07,369.0,1742.0,47.0,1621.15000000003,0.1110322918915564,2.77580729728891,0.4811399315300778,0.5921722234216341,1.1473336828794163,19.65271566480548,2.6292446719920557,29.64562193504556,20.874070875612606,7.6982389044812445,38.30614070258696,3.590044104493657,13.656971902661438,64.47275082503042,17.4,5.0,2.6863717824523254,29.12,26.86,22.06,30.75,Inside Range,0.1927785199928967,0.053600856271659864,0.10896598970728932,0.10670812180425282,2024-2026
274,8480027,Jason Robertson,L,164,80,96,2,1141.3962999999999,DAL,13.0,563.26666666667,15.0,1168.9333333333,29.0,3119.8166666667,80.0,506.0,64.71,716.0,554.0,216.0,103.0,960.0,15.81,356.0,1705.0,44.0,1732.1999999999698,0.06927606511950242,3.3252511257361164,0.4502944232767657,0.5195704883962682,1.0045029442327853,17.526844475234114,2.2414270869415005,24.800831312781867,19.18947003810217,7.481815032906261,33.252511257361164,3.5677173536543747,12.33113959127143,59.05784551437581,15.24,12.0,2.6828033679143033,27.87,26.83,19.6,28.87,Inside Range,0.12018752375817626,0.10377238868650776,0.10588483088613349,0.12864032990725782,2024-2026
230,8479318,Auston Matthews,C,127,60,71,2,1238.2808,TOR,12.0,506.73333333333,13.0,886.4,15.0,2619.8666666667,60.0,488.0,67.21,718.0,583.0,243.0,88.0,882.0,12.3,357.0,1334.0,28.0,1393.13333333333,0.08613676604297288,3.057855194525537,0.5168205962578373,0.5598889792793238,0.6460257453222966,21.017370914485383,2.8946260228741036,30.92309900942726,25.108867301526594,10.465617074221205,37.98631382495104,3.7900177058908064,15.37541273867066,57.45322295066291,12.06,48.0,2.680756873675927,25.7,26.81,20.25,29.28,Inside Range,0.316142069409041,0.07946325189617157,0.11064210398961744,-0.04980884629512705,2024-2026
187,8478402,Connor McDavid,C,149,74,164,1,1350.5012000000002,EDM,17.0,626.41666666667,12.0,1181.8,21.0,3361.55,74.0,503.0,68.61,707.0,572.0,243.0,105.0,878.0,14.71,418.0,1635.0,33.0,1808.2166666666699,0.03318186426774072,5.441825739909477,0.5640916925515922,0.3981823712128886,0.6968191496225551,16.69047772667358,2.2766077074096907,23.459578037292687,18.98002636114769,8.063193017060994,29.13367682707635,3.4840957481127752,13.87001926391562,54.252348077756075,10.95,78.0,2.6805554288464535,24.81,26.81,20.99,30.1,Inside Range,0.0924888408955557,0.24451677725724977,0.0844430736277561,0.03478844238966439,2024-2026
60,8475810,Bryan Rust,R,143,60,70,2,1190.8544000000002,PIT,11.0,483.46666666667,10.0,953.58333333333,20.0,2838.3,60.0,373.0,55.9,580.0,455.0,237.0,83.0,687.0,16.09,470.0,1373.0,30.0,1437.05,0.08350440137782263,2.9226540482237917,0.4592742075780244,0.4175220068891131,0.8350440137782262,15.57357085696392,2.333948018510142,24.21627639956856,18.997251313454647,9.895271563271981,28.68376187328207,3.465432657179639,19.623534323788316,57.32577154587523,12.53,38.0,2.6702427448907686,26.05,26.7,21.31,30.13,Inside Range,0.12548004860166945,0.06907519455080627,0.1022210393645121,0.14914816769755312,2024-2026
372,8482093,Seth Jarvis,C,144,64,69,2,1147.0653499999999,CAR,12.0,457.7,9.0,879.98333333333,23.0,2753.4333333333,64.0,428.0,65.14,639.0,499.0,240.0,51.0,763.0,14.95,412.0,1262.0,32.0,1337.68333333333,0.08970732983640894,3.094902879356108,0.5382439790184537,0.40368298426384025,1.0316342931187028,19.197368584991512,2.921767732771839,28.661491882732655,22.38197879418403,10.764879580369072,34.223346332590005,2.287536910828428,18.47970994630024,56.60532512677405,14.35,17.0,2.6691965296959337,27.31,26.69,20.29,28.88,Inside Range,0.33839329393585027,0.08901429598507052,-0.01614170036388779,0.03361234546267522,2024-2026
88,8476483,Rickard Rakell,R,141,59,59,1,1147.3842,PIT,14.0,517.95,13.0,891.96666666667,14.0,2700.0166666667,59.0,369.0,58.55,561.0,466.0,263.0,76.0,703.0,15.99,457.0,1433.0,27.0,1409.9166666666702,0.04255570660204493,2.510786689520651,0.595779892428629,0.5532241858265842,0.595779892428629,15.703055736154582,2.491636621549731,23.87375140374721,19.83095927655294,11.192150836337818,29.91666174123759,3.234233701755415,19.447957917134534,60.98232756073039,11.49,63.0,2.667384429317332,25.25,26.67,18.51,27.09,Inside Range,0.18128293211180546,0.028616861123130027,0.08656097057720791,0.14660537082896163,2024-2026
75,8476453,Nikita Kucherov,R,154,81,170,3,1245.7384499999998,TBL,16.0,653.58333333333,9.0,1078.3,29.0,3198.25,81.0,496.0,58.39,757.0,480.0,147.0,92.0,1083.0,16.33,506.0,1741.0,38.0,1731.88333333333,0.10393309787995747,5.88954221319759,0.5543098553597732,0.3117992936398724,1.0046866128395888,17.18360551615297,2.0228845284035724,26.22578503170927,16.629295660793197,5.0927217961179165,37.519848334664644,3.1872816683186955,17.53004917575283,60.315841136335315,13.16,26.0,2.6583742210245633,26.5,26.58,19.11,27.29,Inside Range,0.002155135298290839,0.2699132458335687,0.06461610427326236,0.09737144094321226,2024-2026
247,8479420,Tage Thompson,C,157,84,69,0,1139.99935,BUF,14.0,565.81666666667,14.0,967.28333333333,27.0,2984.2166666667,84.0,512.0,57.39,770.0,471.0,175.0,81.0,1062.0,16.41,475.0,1627.0,41.0,1533.1,0.0,2.7004109320983627,0.5479094644837258,0.5479094644837258,1.0566825386471856,20.03783184397626,2.246037440480073,30.135020546604924,18.433239840845346,6.8488683060465725,41.56284652012263,3.1700476159415567,18.589785402126413,63.67490705107299,16.05,8.0,2.643574151180597,28.36,26.44,19.05,28.52,Inside Range,0.12613504151273403,0.04985190385403507,0.08171921546498939,0.1615496956726108,2024-2026
97,8476880,Tom Wilson,R,153,63,64,2,1145.68435,WSH,12.0,523.65,14.0,984.3,22.0,2918.1833333333,63.0,322.0,57.51,500.0,409.0,228.0,66.0,637.0,19.57,363.0,1454.0,36.0,1507.9499999999998,0.07957823535263106,2.546503531284194,0.47746941211578636,0.5570476474684174,0.8753605888789417,12.812095891773602,2.288272157564906,19.894558838157767,16.27374912961305,9.071918830199943,25.345667959812992,2.6260817666368252,14.443449716502538,57.85337710136279,14.32,18.0,2.6352447807232293,27.29,26.35,20.5,29.54,Inside Range,0.06807334117409469,0.0366904281541289,0.040713480989945317,0.2654492357288305,2024-2026
81,8476460,Mark Scheifele,C,164,75,115,4,1258.31705,WPG,13.0,643.08333333333,10.0,1253.15,26.0,3439.4,75.0,356.0,54.81,547.0,480.0,222.0,64.0,668.0,21.07,517.0,1692.0,36.0,1896.23333333333,0.1265667024100412,3.6387926942886843,0.41134178283263384,0.316416756025103,0.8226835656652677,11.264436514493665,1.7342802397735895,17.307996554573133,15.188004289204944,7.024451983757285,21.136639302476876,2.025067238560659,16.358746286497823,53.53771511944743,11.39,67.0,2.630946254451093,25.17,26.31,18.71,27.89,Inside Range,0.04888905263093618,0.13818009339286905,-0.034741816253231805,0.25430063000428904,2024-2026
334,8481540,Cole Caufield,R,163,88,70,6,1087.7866,MTL,12.0,601.98333333333,17.0,1154.4166666667,38.0,2955.1,88.0,498.0,66.05,738.0,509.0,201.0,87.0,894.0,17.67,419.0,1531.0,55.0,1756.40000000003,0.20496470052379515,2.3912548394442767,0.4099294010475903,0.580733318150753,1.298109769984036,17.012070143475,2.2563197449327785,25.210658164426807,17.387838761101957,6.866317467547138,30.53974037804548,2.97198815759503,14.313368253245029,52.3001594169884,18.79,1.0,2.630053829773594,29.85,26.3,21.19,29.91,Inside Range,0.09944614957007647,0.018608890194512367,0.07101062768571487,0.21666986764706153,2024-2026
270,8480014,Gabriel Vilardi,C,153,57,73,0,1106.2735,WPG,6.0,546.43333333333,13.0,1002.9333333333,20.0,2824.3166666667,57.0,279.0,48.91,426.0,401.0,242.0,58.0,531.0,20.43,464.0,1563.0,33.0,1549.36666666663,0.0,2.8269615541834967,0.2323530044534381,0.5034315096491159,0.7745100148447936,10.804414707084872,1.8940642413029427,16.497063316194104,15.528925797638113,9.371571179622004,20.563240894129272,2.2460790430499014,17.96863234439921,60.52795766012062,12.78,32.0,2.6176552032553886,26.23,26.18,19.9,28.78,Inside Range,0.058557559250736524,0.06770456559243135,-0.0016382702254698067,0.2687130539614604,2024-2026
303,8480830,Andrei Svechnikov,R,151,51,67,0,1022.9603,CAR,11.0,445.13333333333,9.0,835.03333333333,19.0,2574.0,51.0,384.0,54.86,596.0,440.0,184.0,76.0,804.0,13.28,420.0,1449.0,28.0,1280.16666666666,0.0,3.1402161176930257,0.5155578700690042,0.4218200755110034,0.8905090483010072,17.997656555136146,2.5712277047259606,27.933862778284222,20.622314802760165,8.623877099336068,37.68259341231631,3.5620361932040288,19.68493685718016,67.91303215727154,13.12,27.0,2.6127182613182725,26.48,26.13,15.34,25.37,Outside Range,0.18450473214980634,0.09127803210529736,0.10000667900773896,0.01261052337920432,2024-2026
346,8481604,Pavel Dorofeyev,R,164,72,44,0,1023.9328499999999,VGK,16.0,609.31666666667,15.0,921.68333333333,14.0,2798.75,72.0,483.0,57.42,688.0,523.0,191.0,84.0,891.0,14.91,414.0,1659.0,29.0,1531.0,0.0,1.7243631613324624,0.6270411495754409,0.5878510777269759,0.5486610058785107,18.92880470280862,2.2502939255388634,26.962769431743958,20.496407576747224,7.485303723056826,34.91835401698237,3.2919660352710647,16.22468974526453,65.01632919660354,11.37,68.0,2.6120936440173166,25.15,26.12,21.92,31.02,Inside Range,0.2240781180530677,-0.06697429839601812,0.09766989462875808,0.13300163505528284,2024-2026
408,8482699,Dylan Guenther,R,149,67,66,6,1031.80665,UTA,9.0,480.41666666667,9.0,922.0,34.0,2564.1166666667,67.0,446.0,47.57,735.0,450.0,129.0,68.0,980.0,15.02,358.0,1566.0,43.0,1402.41666666667,0.25669974448867966,2.8236971893754763,0.38504961673301946,0.38504961673301946,1.4546318854358513,19.08134767365852,2.0352011408877484,31.445718699863257,19.252480836650975,5.519044506506613,41.927624933151016,2.9092637708717026,15.316418087824552,66.99863331154539,18.4,2.0,2.6094814994324764,29.65,26.09,18.65,27.72,Outside Range,0.17929075578581466,0.06455112089666651,0.05403052572622413,0.08729080234754494,2024-2026
15,8474037,James van Riemsdyk,L,143,31,36,0,724.5553,DET,5.0,293.56666666667,4.0,608.06666666667,11.0,1726.5333333333,31.0,184.0,33.45,288.0,253.0,177.0,51.0,350.0,16.85,223.0,1271.0,15.0,901.63333333334,0.0,2.39565233465191,0.3327294909238764,0.26618359273910114,0.7320048800325282,12.244445265998653,2.2259602942807333,19.16521867721528,16.836112240748147,11.778623978705225,23.29106436467135,3.3938408074235396,14.839735295204887,84.57983659284939,9.98,111.0,2.6017227122199147,23.96,26.02,19.24,27.77,Inside Range,0.04669388178509956,0.019170715275203226,0.10574458409402593,0.20579523638935782,2024-2026
202,8478449,Roope Hintz,C,129,43,68,1,1026.98205,DAL,11.0,378.36666666667,5.0,782.98333333333,14.0,2202.8333333333,43.0,286.0,44.03,401.0,355.0,196.0,55.0,490.0,15.03,296.0,1207.0,19.0,1161.3500000000001,0.051664011710509314,3.5131527963146336,0.5683041288156024,0.2583200585525466,0.7232961639471304,14.775907349205665,2.274766435613725,20.717268695914235,18.340724157230806,10.126146295259826,25.315365738149566,2.8415206440780123,15.292547466310756,62.35846213458474,9.82,121.0,2.5995139640473504,23.81,26.0,20.94,29.62,Inside Range,0.13608278320373723,0.12583954618706447,0.043134698450904674,0.0701386415294174,2024-2026
477,8484801,Macklin Celebrini,C,152,70,108,3,1233.11845,SJS,13.0,650.2,16.0,1072.1166666667,23.0,3133.0666666667,70.0,523.0,54.62,763.0,569.0,157.0,92.0,1000.0,13.38,366.0,1548.0,39.0,1722.3166666667,0.10451039781689189,3.7623743214081076,0.45287839053986484,0.5573887883567566,0.8012463832628378,18.21964601941149,1.9027859762528783,26.580477844762836,19.82213878593716,5.469377485750676,34.83679927229729,3.2049855330513513,12.75026853366081,53.927365273516216,13.59,23.0,2.5978781819888495,26.8,25.98,18.84,27.88,Inside Range,0.16858946053624335,0.1437250120761763,0.0681828089537248,-0.006937394253520468,2024-2026
194,8478427,Sebastian Aho,C,158,56,98,7,1191.3797,CAR,18.0,549.48333333333,7.0,996.53333333333,17.0,3137.3,56.0,402.0,53.06,651.0,504.0,189.0,72.0,853.0,13.93,461.0,1542.0,24.0,1546.01666666666,0.27166589407186326,3.8033225170060856,0.6985694418990769,0.27166589407186326,0.6597600284602393,15.601384202412717,2.0592274770647236,25.264928148683282,19.559944373174154,7.334979139940308,33.10442966332848,2.7942777675963075,17.89113959530414,59.844115522687595,9.31,141.0,2.5971234166283548,23.33,25.97,17.9,27.47,Inside Range,0.1869612558328515,0.14831543197452104,0.03280153616590059,0.004726897978855837,2024-2026
6,8473419,Brad Marchand,L,123,50,55,3,1081.7734,FLA,7.0,454.96666666667,6.0,775.61666666667,16.0,2223.2333333333,50.0,332.0,49.73,497.0,363.0,180.0,80.0,657.0,15.06,276.0,1213.0,22.0,1230.5833333333399,0.14627209318074008,2.681655041646901,0.34130155075506013,0.29254418636148016,0.7801178302972803,16.18744497866857,2.4247037312927344,24.232410103609272,17.698923274869546,8.776325590844403,32.033588406582076,3.9005891514864017,13.457032572628087,59.14268300941257,10.73,83.0,2.5965416973309923,24.62,25.97,18.45,26.77,Inside Range,0.05301267710251678,0.04819233378757129,0.13548792910545637,0.13553046265922009,2024-2026
136,8477492,Nathan MacKinnon,C,159,85,158,2,1351.3309,COL,28.0,660.03333333333,14.0,1231.2166666667,20.0,3580.7666666667,85.0,672.0,70.94,904.0,635.0,205.0,97.0,1190.0,12.65,620.0,1747.0,34.0,1891.25000000003,0.0634500991407789,5.012557832121534,0.8883013879709046,0.4441506939854523,0.634500991407789,21.319233311301712,2.2505750165234275,28.679444811632063,20.1454064771973,6.503635161929838,37.75280898876345,3.077329808327777,19.66953073364146,55.423661599470364,10.79,82.0,2.5954865143264634,24.67,25.95,19.52,28.85,Inside Range,0.17589223701903156,0.2261833370068276,0.04747792737129575,-0.07838528174691689,2024-2026
46,8475722,Jason Zucker,L,135,45,53,0,948.4763,BUF,6.0,389.1,10.0,690.01666666667,18.0,2136.1166666667,45.0,271.0,42.28,422.0,314.0,202.0,44.0,505.0,16.61,316.0,1280.0,28.0,1079.11666666667,0.0,2.9468546805257296,0.3336061902481958,0.5560103170803263,1.0008185707445874,15.067879592876844,2.3508116206156195,23.46363538078977,17.458723956322245,11.231408405022593,28.07852101255648,2.446445395153436,17.569926019738315,71.16932058628177,15.57,10.0,2.590139298688465,28.08,25.9,21.59,30.15,Inside Range,0.1374681674253428,0.07928200850860836,0.011671310594259021,0.13739951748402734,2024-2026
63,8475913,Mark Stone,R,126,47,93,2,1154.0787500000001,VGK,13.0,490.13333333333,6.0,802.85,13.0,2423.6833333333,47.0,260.0,44.18,396.0,333.0,200.0,48.0,468.0,18.08,334.0,1211.0,19.0,1292.98333333333,0.092808620889674,4.31560087136984,0.603256035782881,0.27842586266902203,0.603256035782881,12.06512071565762,2.0501424354528983,18.376106936155452,15.452635378130719,9.2808620889674,21.717217288183715,2.2274069013521762,15.499039688575557,56.195619948697605,8.82,162.0,2.588067339714148,22.84,25.88,20.28,29.8,Inside Range,0.03785800273172851,0.18759415776087654,-0.01832379136154283,0.1566206759068569,2024-2026
3,8471675,Sidney Crosby,C,148,62,103,5,1188.16395,PIT,15.0,522.55,13.0,979.41666666667,22.0,2937.6666666667,62.0,387.0,58.13,575.0,409.0,208.0,72.0,704.0,16.02,500.0,1516.0,35.0,1501.9666666666699,0.19973812113007347,4.114605295279514,0.5992143633902204,0.519319114938191,0.8788477329723233,15.459730575467688,2.3221553962582346,22.96988392995845,16.338578308440013,8.309105839011057,28.123127455114346,2.876228944273058,19.973812113007348,60.56059832663828,13.98,20.0,2.584501605040419,27.07,25.85,21.53,30.31,Inside Range,0.03258652328733724,0.17130784144956182,0.04671125085913991,0.1095776947681516,2024-2026
156,8477939,William Nylander,R,147,75,88,5,1167.75575,TOR,17.0,567.98333333333,15.0,940.75,19.0,2861.8,75.0,409.0,51.07,590.0,380.0,162.0,65.0,775.0,18.34,416.0,1618.0,34.0,1508.73333333333,0.1988422959657112,3.4996244089965174,0.6760638062834181,0.5965268878971336,0.7556007246697025,16.265299809995177,2.030975210993774,23.463390923953924,15.112014493394053,6.442490389289043,30.820555874685237,2.5849498475542454,16.543679024347174,64.34536697450415,13.52,24.0,2.5813767468052538,26.76,25.81,19.53,28.59,Inside Range,-0.0024004488436062676,0.12711159700598326,0.0281597254357987,0.20418757853084868,2024-2026
266,8480002,Nico Hischier,C,157,63,72,3,1233.1399999999999,NJD,10.0,609.98333333333,11.0,1191.2166666667,24.0,3227.8666666667,63.0,398.0,63.43,567.0,527.0,265.0,93.0,739.0,15.83,417.0,1444.0,35.0,1801.2000000000298,0.09993337774816624,2.39840106595599,0.33311125916055406,0.3664223850766095,0.7994670219853299,13.257828114590053,2.1129247168553946,18.887408394403415,17.554963357761203,8.827448367754684,24.61692205196495,3.0979347101931536,13.890739506995105,48.101265822784015,11.66,56.0,2.5782816692031982,25.38,25.78,17.74,26.8,Inside Range,0.10193110272013461,0.021542574764837757,0.07857749907515482,0.15191219796684408,2024-2026
133,8477476,Artturi Lehkonen,L,139,48,45,0,1165.8921,COL,5.0,476.96666666667,9.0,921.23333333333,20.0,2700.0333333333,48.0,300.0,53.58,465.0,450.0,254.0,52.0,584.0,16.0,410.0,1433.0,29.0,1398.2,0.0,1.9310542125590044,0.21456157917322272,0.3862108425118009,0.8582463166928909,12.873694750393362,2.2992418824202545,19.95422686310971,19.310542125590043,10.899728221999714,25.060792447432412,2.231440423401516,17.594049492204263,61.49334859104563,12.44,40.0,2.5751424493590562,25.98,25.75,19.1,27.76,Inside Range,0.25837986657002615,-0.03189831339093144,-0.005803783018543784,0.13014638452227967,2024-2026
425,8482809,Jackson Blake,R,161,39,48,1,910.3503000000001,CAR,8.0,413.55,8.0,796.95,11.0,2444.1,39.0,317.0,51.83,481.0,441.0,232.0,74.0,595.0,12.3,367.0,1470.0,19.0,1210.5,0.04956629491945477,2.379182156133829,0.3965303593556382,0.3965303593556382,0.5452292441140025,15.712515489467163,2.5690210656753405,23.841387856257747,21.858736059479554,11.499380421313507,29.49194547707559,3.667905824039653,18.1908302354399,72.86245353159852,9.42,134.0,2.5738156179700358,23.44,25.74,17.05,25.67,Inside Range,0.2387389652489515,0.017357199860969924,0.11116032564458689,-0.0177591674606965,2024-2026
298,8480801,Brady Tkachuk,L,132,51,63,5,1055.9333,OTT,5.0,371.35,7.0,841.16666666667,20.0,2330.7166666667,51.0,517.0,67.0,728.0,524.0,264.0,93.0,877.0,9.86,431.0,1463.0,27.0,1212.51666666667,0.24741927946007547,3.117482921196951,0.24741927946007547,0.34638699124410566,0.9896771178403019,25.583153496171803,3.315418344765011,36.02424708938699,25.92954048741591,13.063737955491984,43.397341617297236,4.601998597957404,21.327541889458505,72.39488117001808,13.36,25.0,2.573622382410453,26.64,25.74,15.07,24.21,Outside Range,0.3053074003486028,0.08804609105945663,0.15328145477843924,-0.19733085845226728,2024-2026
160,8477949,Alex Tuch,R,161,69,64,2,1147.44445,BUF,14.0,577.35,12.0,1000.6333333333,21.0,3079.3333333333,69.0,392.0,54.7,633.0,429.0,216.0,67.0,768.0,17.6,467.0,1541.0,33.0,1577.9833333333,0.07604643057066669,2.433485778261334,0.5323250139946669,0.45627858342400024,0.7984875209920004,14.905100391850674,2.0798698761077343,24.06869527561601,16.311959357408007,8.213014501632003,29.201829339136015,2.5475554241173346,17.756841538250676,58.59377475469869,12.55,36.0,2.568481553480109,26.06,25.68,19.95,28.57,Inside Range,0.08340870178544457,0.028178948674619925,0.030635597120859948,0.20194001122295635,2024-2026
191,8478420,Mikko Rantanen,R,146,54,111,0,1242.749,DAL,16.0,577.1,7.0,1048.3,12.0,3033.6833333333,54.0,351.0,55.94,554.0,461.0,190.0,69.0,732.0,15.38,473.0,1594.0,19.0,1625.4,0.0,4.097452934662237,0.5906238464377999,0.25839793281653745,0.4429678848283499,12.956810631229235,2.0649686231081574,20.45035068290882,17.01734957548911,7.013658176448874,27.021040974529345,2.547065337763012,17.46031746031746,58.84090070136581,7.01,236.0,2.568150152982655,20.81,25.68,19.07,28.18,Inside Range,0.09358472007789698,0.17216053971996195,0.012117403087077039,0.06596919542149171,2024-2026
285,8480208,Drake Batherson,R,161,59,80,0,1064.8249500000002,OTT,10.0,453.75,8.0,1018.85,22.0,2858.4833333333,59.0,359.0,49.4,563.0,409.0,200.0,60.0,692.0,16.43,484.0,1925.0,30.0,1472.6,0.0,3.259540947983159,0.40744261849789487,0.32595409479831594,0.8963737606953688,14.627190004074427,2.0127665353796007,22.939019421431485,16.664403096563902,8.148852369957897,28.19502920005433,2.4446557109873694,19.720222735298112,78.43270406084477,12.22,45.0,2.5651411584576413,25.82,25.65,17.65,27.16,Inside Range,0.09644391824545301,0.10849602339016942,0.009587323078798005,0.1262955990669934,2024-2026
185,8478398,Kyle Connor,L,164,80,109,4,1257.03045,WPG,11.0,639.01666666667,13.0,1248.3,22.0,3435.8833333333,80.0,541.0,59.42,751.0,549.0,186.0,91.0,982.0,14.79,546.0,1613.0,35.0,1887.3166666666698,0.1271646694160137,3.4652372415863737,0.3497028408940377,0.41328517560204453,0.6994056817880754,17.199021538515854,1.8890311641748838,23.875166682856573,17.453350877347884,5.913157127844637,31.218926341631366,2.892996229214312,17.35797737528587,51.27915294200753,11.13,75.0,2.5609596572928925,24.96,25.61,20.46,28.98,Inside Range,0.09567814528337698,0.1238481313477269,0.04890332239092421,0.06821176359463754,2024-2026
277,8480064,Josh Norris,C,100,34,35,1,1025.3587499999999,BUF,6.0,262.33333333333,7.0,594.1,15.0,1724.5166666667,34.0,165.0,24.35,246.0,212.0,101.0,28.0,312.0,20.61,240.0,968.0,22.0,856.43333333333,0.07005799244930552,2.4520297357256937,0.4203479546958332,0.49040594714513874,1.0508698867395831,11.559568754135412,1.70591211614059,17.23426614252916,14.852294399252772,7.075857237379859,21.858093644183324,1.961623788580555,16.81391818783333,67.81613669092775,15.41,11.0,2.5608686730108423,27.98,25.61,21.42,30.16,Inside Range,0.06026666192798802,0.033628037296630026,-0.03324180603321891,0.2758974851432139,2024-2026
262,8479987,Morgan Geekie,C,158,72,53,1,1029.78315,BOS,10.0,546.31666666667,16.0,930.58333333333,26.0,2712.7333333333,72.0,331.0,43.5,503.0,353.0,163.0,49.0,662.0,21.75,462.0,1577.0,42.0,1476.9,0.040625634775543366,2.1531586431037986,0.4062563477554336,0.6500101564086939,1.0562665041641275,13.447085110704853,1.7672151127361364,20.434694292098314,14.340849075766808,6.621978468413569,26.894170221409706,1.9906561040016248,18.769043266301033,64.06662604103188,17.06,6.0,2.556838293919318,28.94,25.57,20.63,30.18,Inside Range,0.03282737579044501,-0.0007417901565481555,-0.02371516130759277,0.3241495749167844,2024-2026
220,8478874,Adam Gaudette,R,147,36,15,0,656.89245,SJS,5.0,267.83333333333,6.0,544.66666666667,18.0,1601.5,36.0,186.0,24.84,282.0,220.0,106.0,36.0,378.0,19.35,247.0,1262.0,24.0,812.5,0.0,1.1076923076923078,0.36923076923076925,0.4430769230769231,1.3292307692307692,13.735384615384616,1.8343384615384617,20.824615384615385,16.246153846153845,7.827692307692308,27.913846153846155,2.6584615384615384,18.24,93.19384615384615,17.72,4.0,2.5543590162128593,29.3,25.54,15.52,25.29,Outside Range,0.10584233618326938,-0.16797591459737055,0.06329106629316733,0.32888323365756467,2024-2026
41,8475314,Anders Lee,L,164,48,48,0,980.94505,NYI,7.0,517.78333333333,14.0,944.7,14.0,2681.25,48.0,435.0,76.87,654.0,553.0,369.0,128.0,761.0,11.03,350.0,1672.0,28.0,1462.48333333333,0.0,1.9692532108628065,0.28718275991749265,0.5743655198349853,0.5743655198349853,17.846357223444183,3.1536769649796654,26.83107499800574,22.687438033481914,15.138634058507826,31.220868613887408,5.25134189563415,14.35913799587463,68.5956535117211,11.49,64.0,2.5535469526144166,25.25,25.54,18.64,27.44,Inside Range,0.20084397128124715,-0.03524306282371831,0.20665897254668447,-0.04303122306601992,2024-2026
339,8481559,Jack Hughes,C,123,54,93,3,1266.49135,NJD,9.0,482.15,6.0,972.25,18.0,2596.1,54.0,457.0,48.94,631.0,488.0,163.0,91.0,895.0,11.82,352.0,1509.0,24.0,1454.4,0.12376237623762375,3.8366336633663365,0.37128712871287123,0.2475247524752475,0.7425742574257425,18.85313531353135,2.018976897689769,26.03135313531353,20.13201320132013,6.724422442244224,36.92244224422442,3.754125412541254,14.52145214521452,62.25247524752475,9.9,117.0,2.5507277697780824,23.89,25.51,18.91,27.98,Inside Range,0.14944140930910105,0.14988661250830362,0.10541541137235111,-0.07833395808789756,2024-2026
344,8481596,Shane Pinto,C,142,44,39,0,1088.06125,OTT,9.0,339.15,8.0,907.4,12.0,2576.2333333333,44.0,284.0,49.12,452.0,370.0,177.0,64.0,579.0,15.49,242.0,1505.0,20.0,1246.55,0.0,1.8771810196141352,0.43319561991095423,0.3850627732541816,0.5775941598812724,13.669728450523445,2.3642854277806746,21.75604668886126,17.809153263005896,8.519513858248766,27.86891821427139,3.0805021860334527,11.648148890938993,72.43993421844291,9.63,127.0,2.5501967556587504,23.64,25.5,18.67,27.82,Inside Range,0.12786868414102603,-0.041226362552973045,0.08212223283512343,0.15711390655934743,2024-2026
49,8475754,Brock Nelson,C,161,59,62,2,1156.97375,COL,14.0,570.25,8.0,1128.7833333333,20.0,3104.9166666667,59.0,379.0,53.54,549.0,486.0,215.0,81.0,692.0,15.57,406.0,1683.0,28.0,1699.0333333333,0.07062839653920995,2.1894802927155084,0.4943987757744696,0.2825135861568398,0.7062839653920995,13.384081144180286,1.8907221753546506,19.387494850013134,17.162700359028015,7.592552627965069,24.437425202566644,2.860450059838003,14.337564497459619,59.433795687745175,9.89,119.0,2.534814256037281,23.88,25.35,19.93,28.82,Inside Range,0.10783294459990095,0.0004551962514501018,0.05953139962949755,0.1426764208802056,2024-2026
241,8479385,Jordan Kyrou,R,154,54,62,0,996.3992000000001,STL,6.0,480.4,10.0,926.23333333333,20.0,2566.1833333333,54.0,412.0,43.26,581.0,459.0,145.0,70.0,824.0,13.11,392.0,1719.0,30.0,1406.63333333333,0.0,2.644612431574214,0.2559302353136336,0.4265503921893894,0.8531007843787788,17.573876158202843,1.8452569966112984,24.782577786203525,19.578663001492973,6.1849806867461465,35.147752316405686,2.985852745325726,16.720775373824065,73.32401241735603,12.8,31.0,2.5326642854631123,26.25,25.33,20.03,28.75,Inside Range,0.1955230598232729,0.050282621507400455,0.05802306508640653,0.00451724436980816,2024-2026
142,8477501,Valeri Nichushkin,R,115,38,45,0,1123.94765,COL,5.0,343.23333333333,10.0,742.23333333333,9.0,2125.0166666667,38.0,277.0,42.03,412.0,333.0,153.0,58.0,533.0,13.72,280.0,1151.0,19.0,1085.46666666666,0.0,2.4874094091635084,0.2763788232403898,0.5527576464807796,0.4974818818327017,15.311386807517595,2.323240388158717,22.773615035008124,18.406829627809962,8.457191991155929,29.461982557425554,3.205994349588522,15.477214101461831,63.622405109937745,10.5,92.0,2.528597507531347,24.42,25.29,18.2,26.56,Inside Range,0.13464278491711285,0.033329982610175696,0.08137006468645125,0.05493638064138184,2024-2026
212,8478519,Anthony Cirelli,C,151,50,61,1,1080.17725,TBL,12.0,510.7,10.0,914.0,13.0,2724.6333333333,50.0,286.0,50.65,418.0,367.0,206.0,56.0,512.0,17.48,349.0,1343.0,23.0,1424.7,0.04211412929037692,2.568961886712992,0.505369551484523,0.4211412929037692,0.5474836807749,12.0446409770478,2.133080648557591,17.603706043377553,15.45588544956833,8.675510633817645,21.56243419667298,2.3583912402611076,14.697831122341546,56.5592756369762,9.69,125.0,2.5249935174061413,23.69,25.25,16.68,25.2,Inside Range,0.05519061827025998,0.04587225369706874,0.009601260447792581,0.19001109031479202,2024-2026
159,8477946,Dylan Larkin,C,156,64,73,4,1207.7368000000001,DET,11.0,554.9,13.0,1114.85,21.0,3139.65,64.0,461.0,67.55,695.0,509.0,235.0,81.0,906.0,13.88,357.0,1584.0,34.0,1669.75,0.14373409192992964,2.623147177721216,0.39526875280730644,0.4671357987722713,0.7546039826321306,16.565354094924388,2.4273094774666863,24.973798472825273,18.290163198083544,8.444377900883365,32.55577182212906,2.910615361581075,12.82826770474622,56.918700404252135,12.22,46.0,2.5236459945007184,25.82,25.24,17.87,27.65,Inside Range,0.14806158533695907,0.04894693497622457,0.05470474773622708,0.04761443177508218,2024-2026
273,8480023,Robert Thomas,C,134,46,99,3,1169.1959499999998,STL,10.0,411.81666666667,10.0,925.36666666667,16.0,2614.0333333333,46.0,247.0,32.49,364.0,306.0,115.0,47.0,503.0,18.62,397.0,1351.0,26.0,1337.18333333334,0.13461130984282815,4.44217322481333,0.4487043661427605,0.4487043661427605,0.7179269858284169,11.082997843726186,1.457840485597829,16.332838927596484,13.730353603968473,5.160100210641746,22.569829616980854,2.1089105208709746,17.813563335867595,60.619959865886955,11.67,55.0,2.5226749681247718,25.39,25.23,18.27,27.56,Inside Range,-0.05016953389987877,0.20000790175813296,-0.030153114510780343,0.1786714201010684,2024-2026
29,8475168,Matt Duchene,C,139,46,81,1,1009.576,DAL,11.0,395.78333333333,10.0,862.1,12.0,2346.7666666667,46.0,241.0,37.06,356.0,283.0,134.0,48.0,473.0,19.09,293.0,1386.0,22.0,1257.88333333333,0.047699177189193614,3.863633352324683,0.5246909490811298,0.4769917718919361,0.5723901262703233,11.49550170259566,1.7677315066315153,16.980907079352924,13.498867144541792,6.391689743351944,22.561710810488577,2.289560505081293,13.975858916433728,66.11105958422235,10.49,93.0,2.522397317775768,24.41,25.22,18.18,27.01,Inside Range,-0.07624844646752557,0.1594804200704172,-0.0031724294119057084,0.21801947890855278,2024-2026
95,8476873,Mark Jankowski,L,128,23,15,0,711.5784,CAR,3.0,216.21666666667,2.0,496.7,7.0,1512.3666666667,23.0,129.0,22.61,205.0,197.0,115.0,29.0,264.0,17.83,263.0,998.0,9.0,712.9166666666699,0.0,1.262419637638802,0.2524839275277604,0.16832261835184026,0.5891291642314409,10.856808883693695,1.9028872004675539,17.253068381063628,16.57977790765627,9.678550555230816,22.218585622442912,2.440677966101684,22.134424313266994,83.99298655756829,7.57,208.0,2.5200764379768517,21.48,25.2,19.11,27.89,Inside Range,0.13824607118459387,-0.13499569297242803,0.03471619474554555,0.2577915703429132,2024-2026
223,8478975,Mason Marchment,L,130,41,51,0,981.3479,"SEA,CBJ",12.0,373.05,5.0,778.31666666667,17.0,2132.35,41.0,253.0,35.66,397.0,310.0,137.0,44.0,520.0,16.21,326.0,1286.0,22.0,1151.36666666667,0.0,2.657711125908333,0.6253437943313725,0.2605599143047385,0.885903708636111,13.18433166381977,1.8583133088213952,20.688457195796243,16.15471468689379,7.139341651949836,27.09823108769281,2.292927245881699,16.988506412668954,67.01600995917875,11.46,65.0,2.508703758748257,25.23,25.09,20.42,29.46,Inside Range,0.09808915962554343,0.05607714286848234,-0.0020664359694776424,0.13228559754748148,2024-2026
155,8477935,Sam Bennett,C,152,51,58,2,1078.38155,FLA,12.0,499.11666666667,9.0,935.78333333333,15.0,2731.9,51.0,443.0,56.48,643.0,504.0,241.0,86.0,843.0,11.51,377.0,1597.0,24.0,1434.9,0.083629521220991,2.425256115408739,0.501777127325946,0.3763328454944595,0.6272214091574325,18.523938950449505,2.3616976792807858,26.886891072548607,21.074639347689732,10.077357307129416,35.2498431946477,3.596069412502613,15.764164750156803,66.77817269496131,10.04,108.0,2.5078195371199525,24.02,25.08,18.96,28.08,Inside Range,0.2188484103806464,0.026084000623679576,0.10393394307431641,-0.06536511163491282,2024-2026
167,8477964,Ivan Barbashev,L,152,46,66,1,991.20605,VGK,12.0,491.38333333333,6.0,891.88333333333,11.0,2507.7166666667,46.0,244.0,35.92,382.0,336.0,183.0,42.0,474.0,18.85,421.0,1554.0,17.0,1383.26666666666,0.043375584365511796,2.862788568123779,0.5205070123861416,0.2602535061930708,0.47713142802062974,10.58364258518488,1.558050990409184,16.569473227625508,14.574196346811965,7.937731938888659,20.56002698925259,1.8217745433514956,18.261121017880466,67.40565810400534,7.37,223.0,2.5039315662129185,21.25,25.04,19.17,28.07,Inside Range,0.056667640184295154,0.07927586636711989,-0.05923494350198877,0.20290470848726416,2024-2026
312,8480893,Kirill Marchenko,R,155,58,83,2,1125.76335,CBJ,12.0,524.15,9.0,1018.4166666667,19.0,2907.6833333333,58.0,425.0,47.64,633.0,428.0,127.0,91.0,880.0,13.65,493.0,1484.0,28.0,1542.5666666667,0.07779242388227245,3.2283855911143067,0.4667545432936347,0.35006590747022603,0.7390280268815883,16.530890074982896,1.85301553687573,24.62130215873923,16.647578710806304,4.939818916524301,34.22866650819988,3.5395552866433966,19.17583248698016,57.721978520646154,10.89,79.0,2.5037229667541894,24.76,25.04,16.3,25.15,Inside Range,0.021433918814103503,0.1049466216231967,0.10316631736268495,0.04985781427797775,2024-2026
355,8481716,Dmitri Voronkov,L,136,40,39,1,921.80795,CBJ,5.0,368.75,7.0,754.71666666667,14.0,2103.6666666667,40.0,263.0,45.75,398.0,307.0,213.0,59.0,454.0,15.21,379.0,1260.0,21.0,1123.4666666666699,0.0534061239022073,2.0828388321860847,0.2670306195110365,0.3738428673154511,0.7476857346309022,14.045810586280519,2.443330168525984,21.255637313078505,16.39568003797764,11.375504391170155,24.246380251602112,3.1509613102302305,20.240920958936567,67.2917161167812,11.22,70.0,2.501417202834296,25.03,25.01,21.05,29.52,Inside Range,0.05414940899105061,-0.011906058140007086,0.08694230646909645,0.1479132508379294,2024-2026
378,8482116,Tim Stützle,C,162,58,104,4,1202.4152,OTT,11.0,525.55,8.0,1175.6166666667,19.0,3246.0666666667,58.0,356.0,45.83,507.0,434.0,168.0,60.0,690.0,16.29,572.0,1981.0,27.0,1701.1666666667,0.1410796512197484,3.668070931713458,0.38796904085430806,0.2821593024394968,0.6701283432938048,12.556088958557606,1.6164201038502672,17.881845792103107,15.3071421573427,5.925345351229432,24.336239835406598,2.116194768296226,20.17439012442402,69.86969726658039,9.52,132.0,2.4982902682748316,23.53,24.98,19.93,28.96,Inside Range,0.055192599467309145,0.14660745485883345,-0.030618131635936685,0.10279005090839832,2024-2026
294,8480762,Eric Robinson,L,149,26,24,0,710.67115,CAR,3.0,277.6,4.0,528.9,10.0,1771.0833333333,26.0,194.0,27.78,308.0,259.0,144.0,39.0,396.0,13.4,329.0,1147.0,14.0,806.5,0.0,1.7854928704277744,0.2231866088034718,0.2975821450712957,0.7439553626782394,14.432734035957843,2.0667079975201488,22.913825170489773,19.268443893366396,10.712957222566645,29.460632362058277,2.9014259144451335,24.476131432114073,85.33168009919405,10.42,97.0,2.4957896013006353,24.35,24.96,18.6,27.85,Inside Range,0.20956564269836553,-0.050812552574319714,0.06109158735757342,0.05162662914279226,2024-2026
413,8482720,Matthew Knies,L,157,52,72,1,1119.2145,TOR,15.0,584.26666666667,6.0,950.6,18.0,2928.75,52.0,292.0,49.0,414.0,385.0,250.0,48.0,499.0,17.81,369.0,1616.0,24.0,1534.86666666667,0.039091343439169444,2.8145767276202,0.5863701515875417,0.23454806063501665,0.70364418190505,11.414672284237476,1.9154758285193028,16.18381618381615,15.050167224080234,9.77283585979236,19.506580376145553,1.8763844850801332,14.424705729053525,63.17161099769781,9.38,137.0,2.4953098493981534,23.4,24.95,19.14,28.11,Inside Range,0.07951246575837767,0.07467425783943912,-0.05319444228140341,0.16999927340551269,2024-2026
390,8482159,Tyson Foerster,R,110,38,22,0,1024.8075000000001,PHI,6.0,367.3,9.0,627.1,15.0,1867.4833333333,38.0,203.0,25.79,303.0,245.0,106.0,45.0,391.0,18.72,191.0,1096.0,24.0,994.4000000000001,0.0,1.3274336283185841,0.36202735317779566,0.5430410297666934,0.9050683829444891,12.248592115848751,1.5561142397425582,18.28238133547868,14.78278358809332,6.395816572807722,23.592115848753014,2.715205148833467,11.524537409493162,66.130329847144,14.48,16.0,2.494010792422828,27.4,24.94,18.3,27.16,Outside Range,0.018143667289666238,-0.12264274857983315,0.06624226232639774,0.30794931671036907,2024-2026
21,8474564,Steven Stamkos,C,164,69,50,4,1074.81705,NSH,12.0,630.08333333333,16.0,1033.1,26.0,2937.8333333333,69.0,380.0,51.13,564.0,407.0,161.0,72.0,764.0,18.16,443.0,1696.0,42.0,1663.1833333333298,0.14430159032377698,1.8037698790472125,0.432904770971331,0.5772063612951079,0.9379603371045505,13.708651080758816,1.8445350783136796,20.34652423565256,14.682686815444312,5.808139010532025,27.561603751841407,2.597428625827986,15.981401128358305,61.18387429728145,15.15,13.0,2.493652002078352,27.82,24.94,18.96,27.73,Outside Range,0.008677477353445928,-0.04633017428607589,0.04653974560142249,0.2604466587333314,2024-2026
365,8482077,Dylan Holloway,L,136,48,66,2,1052.3523500000001,STL,8.0,407.66666666667,5.0,829.98333333333,18.0,2372.4666666667,48.0,340.0,35.94,458.0,344.0,132.0,58.0,632.0,14.12,326.0,1436.0,23.0,1237.65,0.09695794449157677,3.1996121682220333,0.3878317779663071,0.2423948612289419,0.872621500424191,16.48285056356805,1.7423342625136344,22.203369288571082,16.676766452551206,6.399224336444067,30.638710459338263,2.811780390255726,15.804144952127013,69.61580414495212,11.15,73.0,2.4927396429802453,24.97,24.93,19.04,28.29,Inside Range,0.0731781819131414,0.10547983365676597,0.04295492456692118,0.04680840816719123,2024-2026
214,8478550,Artemi Panarin,L,158,65,108,0,1215.7629499999998,"NYR,LAK",12.0,703.81666666667,17.0,1089.3666666667,18.0,3200.35,65.0,461.0,50.16,763.0,498.0,100.0,77.0,1099.0,14.1,522.0,1812.0,35.0,1793.18333333337,0.0,3.6136851595392927,0.40152057328214363,0.5688208121497035,0.6022808599232155,15.425082023589017,1.6783559963193602,25.530016451189635,16.66310379120896,3.346004777351197,36.772592503089655,2.5764236785604213,17.466144937773247,60.629606565603694,11.71,53.0,2.49136734835771,25.42,24.91,17.43,26.22,Inside Range,0.08543577430439181,0.14044620306715752,0.016324048356884613,0.0248430279530506,2024-2026
157,8477940,Nikolaj Ehlers,L,151,50,84,3,971.71975,CAR,12.0,380.2,5.0,842.73333333333,20.0,2450.8666666667,50.0,382.0,39.83,593.0,338.0,118.0,66.0,796.0,13.09,419.0,1395.0,25.0,1222.93333333333,0.14718709114696943,4.121238552115144,0.5887483645878777,0.2453118185782824,0.9812472743131296,18.741822939380775,1.9541539467945976,29.093981683384293,16.58307893589189,5.789358918447465,39.05364151766256,3.2381160052333278,20.557130396860064,68.44199738334079,12.27,42.0,2.487296952866825,25.86,24.87,19.63,28.47,Inside Range,0.026505179573655613,0.1753486697770806,0.07173802341327518,-0.010613214573412133,2024-2026
165,8477956,David Pastrnak,R,159,72,134,4,1225.25415,BOS,9.0,661.65,13.0,1134.6666666667,22.0,3245.7666666667,72.0,580.0,59.94,833.0,502.0,165.0,107.0,1186.0,12.41,556.0,1746.0,35.0,1796.3166666666998,0.13360673229478595,4.475825531875329,0.30061514766326836,0.4342218799580543,0.7348370276213226,19.37297618274396,2.0020968834373676,27.823602000389172,16.767644902995638,5.511277707159921,39.614396125404035,3.573980088885524,18.571335788975244,58.31933864667407,11.69,54.0,2.482111078096314,25.41,24.82,20.81,30.19,Inside Range,0.010938568700878948,0.19808361276919842,0.09385151273473924,-0.04508091078472776,2024-2026
100,8476887,Filip Forsberg,L,164,71,80,1,1125.4389999999999,NSH,12.0,664.91666666667,15.0,1079.8333333333,22.0,3076.2,71.0,527.0,60.34,827.0,497.0,180.0,93.0,1153.0,13.47,440.0,1833.0,37.0,1744.74999999997,0.03438888092850038,2.7511104742800305,0.41266657114200456,0.5158332139275057,0.7565553804270083,18.122940249319697,2.075025075225713,28.43960452786981,17.09127382146469,6.1899985671300675,39.650379710560934,3.1981659263505353,15.131107608540164,63.03481874194119,12.72,33.0,2.4816315062030645,26.19,24.82,21.45,30.31,Inside Range,0.07384759211995273,0.06311563482218294,0.07922360194144351,0.04112638264325974,2024-2026
174,8478042,Viktor Arvidsson,L,136,40,41,0,887.8665000000001,BOS,9.0,325.4,5.0,730.6,13.0,2012.1,40.0,333.0,38.89,493.0,341.0,149.0,62.0,659.0,12.01,272.0,1188.0,18.0,1056.0,0.0,2.3295454545454546,0.5113636363636364,0.2840909090909091,0.7386363636363636,18.920454545454547,2.2096590909090907,28.011363636363637,19.375,8.465909090909092,37.44318181818181,3.522727272727273,15.454545454545453,67.5,10.23,102.0,2.480521975215775,24.19,24.81,20.66,29.78,Inside Range,0.1616801480290237,0.01710943022955755,0.10269051965327264,-0.025276417372302684,2024-2026
431,8483445,Cutter Gauthier,L,158,61,52,3,942.2501,ANA,8.0,529.0,16.0,931.0,20.0,2471.9666666667,61.0,473.0,50.1,731.0,436.0,135.0,89.0,969.0,12.9,326.0,1511.0,36.0,1460.0,0.1232876712328767,2.136986301369863,0.3287671232876712,0.6575342465753424,0.821917808219178,19.43835616438356,2.058904109589041,30.04109589041096,17.91780821917808,5.547945205479452,39.821917808219176,3.6575342465753424,13.397260273972602,62.0958904109589,14.79,14.0,2.4773493993120725,27.59,24.77,19.37,28.08,Inside Range,0.09560827621985285,-0.0057627348469898865,0.11890560589223975,0.04427995737074486,2024-2026
338,8481557,Matt Boldy,L,158,69,89,3,1225.71865,MIN,17.0,579.01666666667,13.0,1184.8666666667,20.0,3226.8833333333,69.0,525.0,64.7,822.0,514.0,214.0,85.0,1052.0,13.14,339.0,1319.0,33.0,1763.88333333337,0.1020475655041412,3.027411109956189,0.5782695378568001,0.4422061171846119,0.6803171033609413,17.85832396322471,2.2008258293726453,27.96103294813469,17.48414955637619,7.279393005962072,35.78467963678551,2.8913476892840007,11.531374901967956,44.86691296665408,11.23,69.0,2.4752503802265124,25.04,24.75,21.41,30.31,Inside Range,0.10983803683475113,0.09067236151659605,0.048510060904880026,0.0019116262940598316,2024-2026
47,8475726,Tyler Toffoli,C,157,49,54,1,957.0618,SJS,7.0,540.35,11.0,844.46666666667,19.0,2503.3333333333,49.0,405.0,50.59,570.0,437.0,197.0,81.0,760.0,12.1,316.0,1493.0,30.0,1384.81666666667,0.04332703486622767,2.3396598827762944,0.30328924406359375,0.4765973835285044,0.8232136624583258,17.547449120822208,2.1919146938824583,24.696409873749776,18.933914236541494,8.535425868646852,32.928546498333034,3.5094898241644414,13.691343017727945,64.68726305527792,13.0,30.0,2.471716064204971,26.39,24.72,18.49,27.98,Inside Range,0.14473483884776567,0.018792901249911037,0.10232846591272377,-0.018458436481653462,2024-2026
135,8477479,Tyler Bertuzzi,L,161,55,49,1,1033.5094,CHI,11.0,552.21666666667,9.0,986.2,15.0,2769.5833333333,55.0,295.0,51.99,463.0,373.0,233.0,51.0,542.0,18.64,293.0,1605.0,24.0,1538.4166666666702,0.039001137533177965,1.9110557391257201,0.42901251286495756,0.35101023779860163,0.5850170629976694,11.5053355722875,2.0276691403499223,18.057526677861397,14.547424299875379,9.087265045230465,21.138616542982454,1.989058014192076,11.427333297221143,62.596825740750624,9.36,139.0,2.4700980560899284,23.38,24.7,19.7,28.76,Inside Range,0.05707566351139612,-0.027439395524521987,-0.025673367786229362,0.2418168612130558,2024-2026
166,8477960,Adrian Kempe,R,162,71,75,5,1153.8332500000001,LAK,9.0,529.08333333333,12.0,1249.65,29.0,3115.35,71.0,463.0,52.95,711.0,451.0,158.0,85.0,1004.0,15.33,409.0,1628.0,41.0,1778.73333333333,0.16865934560173937,2.529890184026091,0.30358682208313087,0.40478242944417453,0.9782242044900884,15.617855402721068,1.7861024699224202,23.983358944567343,15.213072973276894,5.3296353210149645,33.86679659682927,2.8672088752295695,13.79633447022228,54.91548292792634,13.83,22.0,2.4642123689588624,26.97,24.64,20.3,29.26,Inside Range,0.004921953522663669,0.04273193317513249,0.058849173650183495,0.13339101393465547,2024-2026
10,8473533,Jordan Staal,C,150,33,39,0,948.74665,CAR,10.0,393.08333333333,8.0,746.01666666667,12.0,2371.8666666667,33.0,214.0,35.93,342.0,309.0,171.0,44.0,423.0,15.42,380.0,1197.0,20.0,1139.1,0.0,2.054253357914143,0.5267316302343956,0.42138530418751646,0.6320779562812748,11.272056887016067,1.8925467474321833,18.01422175401633,16.276007374242827,9.007110877008165,22.280747958914937,2.317619173031341,20.015801948907036,63.04977613905716,10.53,90.0,2.460694803611325,24.45,24.61,17.22,26.06,Inside Range,0.1172960354121878,-0.010146883494053127,0.005572237966714022,0.1236551190502504,2024-2026
276,8480039,Martin Necas,C,157,65,118,0,1214.89795,COL,17.0,580.91666666667,11.0,1117.3333333333,17.0,3177.7333333333,65.0,400.0,47.79,601.0,406.0,148.0,56.0,811.0,16.25,458.0,1631.0,28.0,1698.24999999997,0.0,4.168997497423892,0.600618283527171,0.3886353599293459,0.600618283527171,14.13219490652167,1.6884439864566763,21.233622847048807,14.344177830119493,5.228912115413017,28.653025172972686,1.9785072869130336,16.181363167967312,57.624024731342104,9.89,118.0,2.458284801407765,23.88,24.58,17.28,26.11,Inside Range,0.010073531489155046,0.18571774068543392,-0.05069716683977982,0.08887240139672858,2024-2026
330,8481528,Dylan Cozens,C,164,44,62,0,1023.01215,OTT,10.0,471.28333333333,7.0,917.4,12.0,2796.2333333333,44.0,393.0,49.94,547.0,472.0,204.0,70.0,713.0,11.2,461.0,1707.0,19.0,1388.68333333333,0.0,2.6787964618763644,0.43206394546392973,0.3024447618247508,0.5184767345567156,16.98011305673244,2.1577273436468647,23.633897816876956,20.393418225897484,8.814104487464165,30.806159311578188,3.0244476182475077,19.918147885887162,73.7533154906928,8.21,179.0,2.455707812297221,22.2,24.56,14.98,23.81,Inside Range,0.2294758931877341,0.057409774696752486,0.05497984608310752,-0.11047599634659566,2024-2026
210,8478498,Jake DeBrusk,L,163,51,39,3,1005.40765,VAN,6.0,577.0,8.0,949.25,23.0,2731.25,51.0,390.0,61.21,562.0,460.0,298.0,89.0,677.0,13.08,390.0,1574.0,31.0,1526.25,0.11793611793611794,1.5331695331695332,0.23587223587223588,0.3144963144963145,0.9041769041769042,15.331695331695332,2.4062899262899267,22.093366093366093,18.083538083538084,11.714987714987714,26.614250614250615,3.498771498771499,15.331695331695332,61.877149877149876,12.19,47.0,2.455009545074568,25.79,24.55,18.32,27.0,Inside Range,0.12867269419046257,-0.0888290123846057,0.11526885472428433,0.0755787138682027,2024-2026
352,8481656,Aliaksei Protas,L,152,55,63,1,1040.7697,WSH,23.0,493.31666666667,10.0,920.85,15.0,2636.6166666667,55.0,301.0,45.85,484.0,340.0,168.0,36.0,571.0,18.27,401.0,1537.0,25.0,1414.1666666666702,0.04242781378903938,2.672952268709481,0.9758397171479056,0.4242781378903938,0.6364172068355907,12.770771950500853,1.9453152622274557,20.535061873895057,14.425456688273389,7.127872716558615,24.226281673541486,1.5274012964054176,17.01355332940479,65.21154979375352,10.61,88.0,2.4478982720742994,24.52,24.48,19.27,27.76,Inside Range,0.09316638681650069,0.06535183434852107,-0.105995321627251,0.171057077860302,2024-2026
462,8484153,Leo Carlsson,C,146,49,63,3,1061.7176,ANA,8.0,581.06666666667,9.0,937.08333333333,17.0,2574.7833333333,49.0,307.0,38.67,452.0,379.0,174.0,59.0,592.0,15.96,324.0,1416.0,26.0,1518.15,0.11856535915423376,2.4898725422389094,0.3161742910779567,0.35569607746270127,0.6718703685406581,12.13318842011659,1.528307479498073,17.863847445904554,14.978757039818198,6.876790830945558,23.396897539768794,2.3317853966999307,12.805058788657245,55.962849520798336,10.28,101.0,2.4475389590752528,24.23,24.48,17.65,26.4,Inside Range,0.03778930003665679,0.04154417329020213,0.005399236169351729,0.13848795490281518,2024-2026
253,8479638,Justin Brazeau,R,140,28,28,0,735.5813499999999,PIT,5.0,337.41666666667,3.0,550.01666666667,12.0,1711.6166666667,28.0,193.0,30.64,293.0,247.0,154.0,38.0,341.0,14.51,216.0,1318.0,15.0,887.43333333334,0.0,1.893099951170027,0.33805356270893333,0.20283213762536,0.81132855050144,13.048867520564828,2.0715922322803437,19.809938774743497,16.699845997821306,10.412049731435147,23.055252976749255,2.5692070765878934,14.60391390902592,89.11091913007483,10.14,104.0,2.4469175650018595,24.11,24.47,18.94,27.46,Inside Range,0.12116349260630338,-0.031776297185604346,0.03278456403266877,0.10042751087226665,2024-2026
444,8483516,Jimmy Snuggerud,R,77,22,33,0,964.8714,STL,2.0,191.71666666667,2.0,505.76666666667,11.0,1276.9666666667,22.0,179.0,26.46,280.0,205.0,88.0,37.0,362.0,12.29,199.0,823.0,13.0,697.4833333333399,0.0,2.838777509617885,0.17204712179502335,0.17204712179502335,0.9462591698726284,15.398217400654588,2.2761834213481587,24.08659705130327,17.634829983989892,7.570073358981027,31.140529044899225,3.182871753207932,17.11868861860482,70.7973906186521,11.18,71.0,2.444461876953712,25.0,24.44,19.01,28.13,Inside Range,0.10155302168266378,0.07352253740315276,0.07345788889478,-0.028389865703108974,2024-2026
467,8484186,Ryan Leonard,R,84,21,25,0,857.73995,WSH,8.0,238.03333333333,2.0,390.41666666667,3.0,1208.6166666667,21.0,170.0,18.28,262.0,182.0,63.0,38.0,358.0,12.35,133.0,785.0,5.0,628.45,0.0,2.3868247275041767,0.7637839128013366,0.19094597820033415,0.2864189673005012,16.230408147028403,1.7452462407510543,25.013923144243773,17.376084016230408,6.014798313310525,34.17933009785981,3.6279735858063487,12.69790755032222,74.94629644363116,4.77,331.0,2.4399907351337253,17.53,24.4,16.41,25.62,Inside Range,0.07008411008514248,0.02553356288283945,0.11325047688325929,0.006804290606260088,2024-2026
2,8471215,Evgeni Malkin,C,124,35,76,1,1061.37865,PIT,7.0,390.0,3.0,735.2,13.0,2194.6666666667,35.0,273.0,37.52,374.0,300.0,140.0,56.0,493.0,12.82,311.0,1436.0,16.0,1125.2,0.05332385353714895,4.05261286882332,0.37326697476004267,0.15997156061144685,0.6932100959829364,14.557412015641663,2.000710984713829,19.94312122289371,15.997156061144684,7.465339495200853,26.288659793814432,2.9861357980803414,16.583718450053322,76.57305367934589,8.53,168.0,2.4384870583774405,22.54,24.38,17.62,26.08,Inside Range,0.01812565788819137,0.1739789107694932,0.050693265179732605,-0.028629070136202084,2024-2026
161,8477951,Nick Schmaltz,C,164,53,84,1,1149.3474999999999,UTA,15.0,598.88333333333,9.0,1144.4666666667,15.0,3141.55,53.0,390.0,50.88,556.0,482.0,215.0,66.0,770.0,13.59,519.0,1704.0,24.0,1743.35000000003,0.03441649697421571,2.8909857458341204,0.5162474546132358,0.30974847276794143,0.5162474546132358,13.42243381994413,1.7511113660480957,19.13557231766394,16.588751541571977,7.399546849456379,26.5007026701461,2.271488800298237,17.862161929617955,58.64571084406358,8.26,178.0,2.425718762449489,22.26,24.26,18.7,27.46,Inside Range,0.124137093797001,0.0832104883813258,-0.012759100849959182,0.006811986444896556,2024-2026
203,8478458,Jack Roslovic,C,150,43,32,2,887.7372,EDM,9.0,407.23333333333,6.0,715.71666666667,16.0,2207.65,43.0,280.0,34.87,442.0,302.0,131.0,40.0,556.0,15.36,357.0,1372.0,22.0,1122.95,0.1068613918696291,1.7097822699140657,0.48087626341333095,0.3205841756088873,0.8548911349570328,14.960594861748074,1.8631283672469832,23.61636760318803,16.136070172313993,6.9994211674607065,29.707466939756888,2.1372278373925817,19.074758448728794,73.30691482256557,11.75,52.0,2.4245683901588118,25.46,24.25,16.75,25.96,Inside Range,0.1382195641792795,-0.05453691374371658,-0.011738200721759795,0.12830564576878378,2024-2026
366,8482078,Lucas Raymond,L,162,52,104,1,1127.46875,DET,13.0,569.86666666667,12.0,1089.4166666667,16.0,3044.15,52.0,365.0,43.14,552.0,397.0,134.0,80.0,749.0,14.25,372.0,1647.0,28.0,1659.28333333337,0.036160189640104874,3.7606597225709066,0.47008246532136333,0.43392227568125846,0.578563034241678,13.198469218638277,1.5599505810741243,19.96042468133789,14.355595287121634,4.845465411774052,27.083982040438546,2.89281517120839,13.45159054611901,59.555832337252724,10.12,105.0,2.423081635553701,24.09,24.23,21.04,29.77,Inside Range,-0.0631687205884918,0.15418523242471507,0.050103096974569716,0.0576437320666815,2024-2026
56,8475791,Taylor Hall,L,157,36,54,0,891.10175,CAR,6.0,409.61666666667,5.0,728.48333333333,10.0,2330.75,36.0,281.0,34.96,420.0,317.0,143.0,53.0,586.0,12.81,333.0,1518.0,15.0,1138.1000000000001,0.0,2.8468500131798606,0.31631666813109566,0.26359722344257974,0.5271944468851595,14.814163957472978,1.8430717863105175,22.142166769176693,16.712063966259553,7.53888059045778,30.89359458747034,2.794130568491345,17.55557508127581,80.0281170371672,7.91,194.0,2.4204261706834056,21.87,24.2,17.11,25.93,Inside Range,0.08699636300370539,0.0770207110402645,0.04113186909492278,-0.009041067131711489,2024-2026
141,8477500,Bo Horvat,C,149,59,55,5,1228.0934,NYI,9.0,606.53333333333,16.0,1121.3833333333,24.0,3045.9333333333,59.0,469.0,56.72,675.0,514.0,183.0,86.0,850.0,12.58,320.0,1581.0,40.0,1727.9166666666301,0.17361948396431523,1.9098143236074674,0.3125150711357674,0.5555823486858087,0.833373523028713,16.285507595852767,1.9695394260911918,23.438630335182555,17.848082951531605,6.354473113093937,29.51531227393359,2.9862551241862216,11.111646973716175,54.89848082951647,13.89,21.0,2.420003493722678,27.01,24.2,18.64,27.54,Inside Range,0.14481174425822485,-0.029921314465912424,0.0668102449663946,0.013984524287747213,2024-2026
0,8470621,Corey Perry,R,153,36,31,0,768.2361000000001,"LAK,TBL",5.0,399.31666666667,9.0,686.53333333333,12.0,1951.2,36.0,213.0,35.19,326.0,262.0,159.0,41.0,418.0,16.9,304.0,1257.0,21.0,1085.85,0.0,1.7129437767647466,0.2762812543168946,0.49730625777041026,0.6630750103605472,11.769581433899711,1.9444674678823044,18.01353778146153,14.477137726205278,8.785743887277249,23.097112860892388,2.265506285398536,16.79790026246719,69.45710733526731,11.6,59.0,2.4194660814248032,25.34,24.19,13.01,22.08,Outside Range,0.03328484671620571,-0.05419955246873656,0.009301871717776022,0.20676062078333102,2024-2026
33,8475184,Chris Kreider,L,143,44,36,1,1014.0916500000001,ANA,8.0,551.9,8.0,780.86666666667,14.0,2417.95,44.0,291.0,49.09,443.0,369.0,231.0,44.0,547.0,15.12,336.0,1342.0,22.0,1332.76666666667,0.04501913313158081,1.6206887927369091,0.3601530650526465,0.3601530650526465,0.6302678638421313,13.100567741290016,2.209989245429302,19.943475977290298,16.61206012555332,10.399419753395167,24.625465822974704,1.9808418577895557,15.126428732211153,60.41567666258145,9.9,116.0,2.417719165705342,23.89,24.18,18.47,27.55,Inside Range,0.1815728866426396,-0.06686632526736916,-0.03211684830686612,0.11081115796071284,2024-2026
122,8477409,Carter Verhaeghe,C,158,45,63,0,1064.4571500000002,FLA,13.0,522.68333333333,3.0,946.91666666667,13.0,2803.5833333333,45.0,429.0,51.3,624.0,486.0,188.0,90.0,865.0,10.49,395.0,1645.0,16.0,1469.6,0.0,2.5721284703320633,0.5307566684812195,0.12248230811105063,0.5307566684812195,17.51497005988024,2.094447468698966,25.476320087098532,19.842133913990203,7.6755579749591725,35.3157321720196,3.674469243331519,16.126837234621668,67.16113228089276,6.53,262.0,2.4170514549449162,20.19,24.17,18.38,27.64,Inside Range,0.1713439932064439,0.04633415316477832,0.10620195587951076,-0.13114694198203897,2024-2026
430,8483431,Logan Cooley,C,129,49,59,1,1055.6733,UTA,14.0,388.95,4.0,860.46666666667,20.0,2275.3,49.0,260.0,33.35,383.0,266.0,137.0,38.0,474.0,18.85,323.0,1378.0,24.0,1249.41666666667,0.04802241045821371,2.833322217034609,0.6723137464149919,0.19208964183285485,0.9604482091642741,12.485826719135565,1.6015473887814273,18.39258320549585,12.773961181884847,6.579070232775278,22.7626225571933,1.8248515974121209,15.511238578003027,66.1748816114185,11.53,62.0,2.4143361596394928,25.28,24.14,17.06,26.6,Inside Range,-0.055259108847176774,0.08124597552841065,-0.0552613982291677,0.21929239651119814,2024-2026
272,8480018,Nick Suzuki,C,164,59,131,6,1226.4329,MTL,6.0,649.11666666667,14.0,1291.55,20.0,3352.25,59.0,355.0,50.43,564.0,418.0,160.0,71.0,732.0,16.62,406.0,1493.0,34.0,1940.66666666667,0.18550326348333873,4.050154586052896,0.18550326348333873,0.4328409481277904,0.6183442116111292,10.975609756097542,1.5591549295774623,17.437306767433842,12.9233940226726,4.946753692889033,22.631398144967328,2.1951219512195084,12.552387495705922,46.15939539677079,10.51,91.0,2.4127597336836466,24.43,24.13,17.12,25.85,Inside Range,-0.10140833705027144,0.17890784744840468,-0.018670576668072203,0.12961250527735746,2024-2026
402,8482659,Josh Doan,R,133,32,39,0,881.5527,BUF,7.0,344.98333333333,8.0,692.63333333333,12.0,1990.5,32.0,257.0,42.11,393.0,301.0,181.0,51.0,496.0,12.45,313.0,1325.0,20.0,1037.61666666666,0.0,2.255168093547728,0.40477376038036145,0.46259858329184167,0.6938978749377624,14.860979488250413,2.4350032928024317,22.72515540421172,17.40527169635554,10.466292946977918,28.68111216409418,2.9490659684854905,18.099169571293306,76.61789035771127,11.56,61.0,2.411915324023393,25.31,24.12,16.6,26.27,Inside Range,0.12021151541952069,0.014080734280475432,0.059603527432505854,-0.006298747785332792,2024-2026
190,8478414,Timo Meier,R,157,50,47,0,1091.2745,NJD,8.0,519.03333333333,9.0,1081.0,17.0,2854.5166666667,50.0,508.0,68.02,816.0,572.0,254.0,122.0,1070.0,9.84,348.0,1611.0,26.0,1600.0333333333301,0.0,1.7624632820149615,0.29999375013020624,0.337492968896482,0.6374867190266882,19.049603133268096,2.5506968604820783,30.599362513281033,21.449553134309745,9.524801566634048,40.12416407991508,4.574904689485645,13.049728130663972,60.411241432470284,9.75,122.0,2.4102614238473556,23.75,24.1,16.38,25.77,Inside Range,0.20260592316859488,-0.05490107247549553,0.16975319442187387,-0.1315149159438388,2024-2026
199,8478440,Dylan Strome,C,162,48,92,0,1062.6434,WSH,8.0,550.66666666667,9.0,1006.5166666667,20.0,2868.4833333333,48.0,293.0,39.92,420.0,335.0,169.0,64.0,531.0,16.38,597.0,1553.0,29.0,1557.18333333337,0.0,3.5448619837098203,0.30824886814868,0.346779976667265,0.7706221703717,11.289614795945406,1.5381618520619134,16.183065577805703,12.907921353725976,6.511757339640865,20.460018623368637,2.46599094518944,23.003071785595246,59.83881152936251,11.17,72.0,2.406262491024285,24.99,24.06,16.91,26.47,Inside Range,-0.12053507031297547,0.14038892861577398,0.015738332158369617,0.14635200588688835,2024-2026
409,8482702,Logan Stankoven,C,159,35,47,0,916.2433,CAR,13.0,372.26666666667,6.0,825.45,9.0,2428.5833333333,35.0,360.0,50.48,529.0,426.0,203.0,78.0,658.0,9.72,355.0,1511.0,15.0,1197.71666666667,0.0,2.354480052321772,0.6512391634081498,0.3005719215729922,0.45085788235948826,18.03431529437953,2.5288117668341075,26.50042441868548,21.340606431682446,10.169350013219569,32.96272073250481,3.907434980448899,17.783838693068706,75.69402891613187,7.51,212.0,2.4034437732652734,21.41,24.03,18.06,27.06,Inside Range,0.2196482394450091,0.022512099781609424,0.12040744178916796,-0.18344230242673415,2024-2026
415,8482737,Zachary Bolduc,R,150,31,35,0,793.1297999999999,MTL,4.0,387.73333333333,4.0,685.11666666667,15.0,1985.3,31.0,221.0,29.97,366.0,287.0,114.0,45.0,480.0,14.03,250.0,1371.0,19.0,1072.85,0.0,1.957403178449923,0.22370322039427692,0.22370322039427692,0.8388870764785386,12.359602926783802,1.6760963788041199,20.46884466607634,16.05070606328937,6.375541781236892,26.844386447313234,2.516661229435616,13.981451274642309,76.67427879013842,10.63,87.0,2.4017973717827337,24.54,24.02,16.91,26.1,Inside Range,0.09435771820965005,-0.020584871399653232,0.02629080265528866,0.07741542764122311,2024-2026
271,8480015,Owen Tippett,R,158,48,46,1,985.0433,PHI,5.0,536.2,10.0,894.3,15.0,2595.65,48.0,409.0,43.67,628.0,436.0,158.0,75.0,859.0,11.74,331.0,1683.0,25.0,1430.5,0.04194337644180356,1.9293953163229638,0.20971688220901782,0.41943376441803565,0.6291506466270534,17.15484096469766,1.8316672492135617,26.34044040545264,18.287312128626354,6.627053477804963,36.02936036350926,3.1457532331352676,13.883257602236979,70.59070255155541,10.49,94.0,2.3974039050460325,24.41,23.97,17.05,25.27,Inside Range,0.15441594102029504,-0.026765690073390164,0.0776190551367193,-0.0321836957138143,2024-2026
292,8480459,Pius Suter,C,145,38,37,0,997.13345,STL,8.0,379.43333333333,5.0,880.76666666667,11.0,2422.0666666667,38.0,233.0,35.2,338.0,290.0,156.0,57.0,444.0,16.31,236.0,1551.0,16.0,1260.1999999999998,0.0,1.7616251388668467,0.38089192191715604,0.23805745119822252,0.5237263926360896,11.09347722583717,1.6759244564354867,16.092683700999846,13.807332169496906,7.427392477384544,21.13950166640216,2.713854943659737,11.236311696556104,73.84542136168864,7.62,206.0,2.395376686093873,21.54,23.95,17.88,27.47,Inside Range,-0.04675575651641711,-0.047731383015969964,0.05720578701657625,0.20833974393345656,2024-2026
395,8482259,Bobby McMann,C,152,49,31,0,912.8408999999999,"TOR,SEA",11.0,417.83333333333,8.0,769.06666666667,15.0,2315.4,49.0,352.0,37.51,500.0,322.0,141.0,52.0,620.0,13.92,301.0,1568.0,23.0,1186.9,0.0,1.5671075912039767,0.5560704355885079,0.4044148622461875,0.7582778667116016,17.794253938832252,1.8962001853568118,25.27592889038672,16.27769820540905,7.1278119470890555,31.342151824079533,2.628696604600219,15.216109192012805,79.26531300025276,11.63,57.0,2.391503320408731,25.36,23.92,19.04,28.26,Inside Range,0.10723336626188912,-0.07692496696401299,0.042690112948394476,0.09418651348623552,2024-2026
465,8484166,Adam Fantilli,C,164,55,58,2,1091.4085,CBJ,13.0,526.26666666667,8.0,1073.7833333333,17.0,2983.1833333333,55.0,405.0,46.71,597.0,414.0,159.0,78.0,834.0,13.58,469.0,1602.0,25.0,1600.0499999999702,0.07499765632324129,2.1749320333739974,0.48748476610106845,0.29999062529296516,0.6374800787475511,15.187025405456362,1.7515702634293004,22.386800412487528,15.524514858910948,5.962313677697684,31.274022686791618,2.924908596606411,17.586950407800085,60.07312271491628,9.37,138.0,2.3914610144826867,23.39,23.91,18.94,27.85,Inside Range,0.030090211795322758,0.00588749829308563,0.0637216988855992,0.0674433108324537,2024-2026
208,8478483,Mitch Marner,R,162,51,131,3,1238.1913,VGK,11.0,766.06666666667,11.0,1054.35,13.0,3343.1166666667,51.0,338.0,37.07,514.0,403.0,128.0,70.0,764.0,15.09,441.0,1619.0,24.0,1820.41666666667,0.09887846189059263,4.317692835889211,0.3625543602655063,0.3625543602655063,0.4284733348592348,11.140306706340104,1.2218081940947563,16.941176470588204,13.282673380636277,4.218814373998619,25.181048294804256,2.3071641107804948,14.535133897917117,53.36140993362316,7.91,193.0,2.3882190876755294,21.87,23.88,19.55,28.54,Inside Range,-0.0883731951315109,0.19774994960489575,-0.010568150703350432,0.06509218922926796,2024-2026
158,8477942,Kevin Fiala,L,137,53,47,0,1129.05025,LAK,17.0,477.08333333333,8.0,1013.2833333333,16.0,2570.4,53.0,391.0,44.62,623.0,406.0,137.0,62.0,837.0,13.55,271.0,1476.0,24.0,1490.36666666663,0.0,1.8921518194628186,0.6843953389546366,0.32206839480218186,0.6441367896043637,15.741092795956641,1.7963364720091695,25.081076245219915,16.34497103621073,5.515421260987365,33.69640580617828,2.49603005971691,10.910066873923912,59.42161884100256,9.66,126.0,2.3872362897591177,23.66,23.87,17.01,27.05,Inside Range,0.11384204249042618,-0.028546720106955914,0.023386947163096528,0.05423572553632672,2024-2026
443,8483515,Juraj Slafkovský,L,161,48,76,0,1076.5781,MTL,8.0,594.48333333333,10.0,1097.3666666667,18.0,2890.6333333333,48.0,314.0,57.09,532.0,425.0,213.0,47.0,682.0,15.29,397.0,1504.0,28.0,1691.85000000003,0.0,2.695274403759151,0.28371309513254217,0.3546413689156777,0.6383544640482199,11.135738983952281,2.0246475751396047,18.866920826314058,15.072258178916304,7.553861157903936,24.186541360049223,1.6668144339036854,14.079262345952406,53.338061884917934,9.93,113.0,2.3864507315704504,23.92,23.86,20.12,28.68,Inside Range,0.11622767829454128,0.06964273786657302,-0.08873342244707244,0.06499544318018335,2024-2026
392,8482175,JJ Peterka,R,159,52,63,0,1025.0499,UTA,10.0,536.43333333333,11.0,868.05,11.0,2710.8833333333,52.0,333.0,35.91,516.0,330.0,119.0,48.0,722.0,15.62,445.0,1689.0,22.0,1404.48333333333,0.0,2.691381172198561,0.42720336066643827,0.4699236967330821,0.4699236967330821,14.225871910192394,1.5340872681531796,22.043693410388215,14.097710901992462,5.083719991930615,30.844082640116845,2.0505761311989037,19.010549549656503,72.15464761656142,9.4,136.0,2.384660947204387,23.42,23.85,17.53,26.63,Inside Range,0.013399964612508669,0.06724296678150823,-0.030372736125309163,0.11007245725945347,2024-2026
473,8484387,Matvei Michkov,R,161,46,68,4,945.7411,PHI,7.0,509.51666666667,5.0,836.66666666667,16.0,2536.8,46.0,362.0,45.5,514.0,341.0,159.0,73.0,658.0,12.71,427.0,1692.0,21.0,1346.18333333334,0.17828180906513388,3.0307907541072763,0.3119931658639843,0.22285226133141736,0.7131272362605355,16.13450372039462,2.0279555781158978,22.909212464869704,15.198524222802664,7.086701910339072,29.327357591214522,3.2536430154386933,19.031583117703043,75.41320523455164,9.36,140.0,2.383059948971032,23.38,23.83,17.91,26.59,Inside Range,-0.02556164461277949,0.09465610030838786,0.08214725776745213,0.00749994083174621,2024-2026
137,8477493,Aleksander Barkov,C,67,20,51,2,1215.4776,FLA,5.0,235.73333333333,2.0,466.75,6.0,1357.2833333333,20.0,149.0,19.44,235.0,166.0,77.0,29.0,302.0,13.42,197.0,661.0,8.0,702.4833333333299,0.1708225580678079,4.3559752307291015,0.4270563951695197,0.1708225580678079,0.5124676742034237,12.726280576051687,1.660395264419093,20.071650572967428,14.178272319628055,6.576668485610604,25.794206268238995,2.4769270919832143,16.82602196967908,56.456855441410504,6.83,241.0,2.3709585260018926,20.58,23.71,16.83,26.11,Inside Range,-0.044367528736304174,0.20021911225056024,0.003009048782027568,-0.012220400970616385,2024-2026
342,8481582,Nicholas Robertson,L,147,31,23,0,739.8938,TOR,6.0,328.58333333333,5.0,559.26666666667,6.0,1815.7,31.0,239.0,24.51,359.0,249.0,101.0,40.0,460.0,12.97,228.0,1415.0,11.0,887.8499999999999,0.0,1.5543166075350567,0.40547389761784086,0.3378949146815341,0.40547389761784086,16.15137692177733,1.65636087176888,24.260854874134147,16.827166751140396,6.825477276566988,31.086332150701136,2.703159317452273,15.408008109477954,95.62426085487415,7.43,217.0,2.3709061519003063,21.32,23.71,19.18,28.77,Inside Range,0.1305817995026255,-0.07829318064862753,0.04735470005789244,0.04694453831219225,2024-2026
192,8478421,A.J. Greer,L,159,23,26,0,660.6615999999999,FLA,4.0,261.25,1.0,579.78333333333,8.0,1746.5166666667,23.0,190.0,29.24,295.0,235.0,118.0,47.0,369.0,12.11,285.0,1412.0,9.0,841.03333333333,0.0,1.8548610835876573,0.2853632436288704,0.0713408109072176,0.5707264872577408,13.554754072371344,2.0860053109270424,21.04553921762919,16.765090563196136,8.418215687051676,26.324759224763294,3.353018112639227,20.332131108557014,100.73322500099125,6.42,267.0,2.3703357903433937,20.04,23.7,17.89,26.98,Inside Range,0.07390748813922943,-0.03603048048595753,0.09858420042443522,0.009556287589462809,2024-2026
341,8481580,Connor McMichael,L,160,40,63,1,1011.4419,WSH,7.0,481.91666666667,5.0,952.43333333333,14.0,2696.9833333333,40.0,320.0,49.1,458.0,372.0,208.0,75.0,572.0,12.5,364.0,1551.0,19.0,1434.35,0.041830794436504344,2.6353400494997734,0.2928155610555304,0.2091539721825217,0.5856311221110608,13.38585421968139,2.053892006832363,19.15850385191899,15.561055530379615,8.700805242792903,23.927214417680485,3.1373095827378257,15.22640917488758,64.87956217101824,7.95,192.0,2.3684898267239927,21.92,23.68,19.7,28.52,Inside Range,0.009917674152696426,0.057547726066061206,0.07491052364620615,0.0017956081828041093,2024-2026
367,8482079,Marco Rossi,C,132,36,59,3,1071.62195,"MIN,VAN",6.0,491.1,8.0,831.83333333333,12.0,2369.9,36.0,202.0,30.99,312.0,272.0,145.0,45.0,394.0,17.82,297.0,1256.0,20.0,1322.93333333333,0.13606127796815193,2.675871800040321,0.27212255593630386,0.36283007458173844,0.5442451118726077,9.161459383188896,1.4055130014110093,14.150372908687801,12.336222535779108,6.57629510179401,17.86938117315062,2.040919169522279,13.470066518847041,56.96432170933294,9.07,151.0,2.368384959179555,23.1,23.68,16.31,25.61,Inside Range,-0.10610068664116612,0.06686635895527629,-0.02427016016954403,0.20757115235876067,2024-2026
445,8483524,Shane Wright,C,153,31,40,1,836.0915500000001,SEA,2.0,443.18333333333,6.0,723.73333333333,11.0,2132.7,31.0,188.0,31.69,318.0,264.0,144.0,40.0,392.0,16.49,339.0,1451.0,17.0,1166.9166666666601,0.051417553381418554,2.0567021352567423,0.10283510676283711,0.3085053202885113,0.5655930871956041,9.666500035706688,1.629422266657154,16.350781975291103,13.574234092694498,7.404127686924272,20.155680925516073,2.0567021352567423,17.43055059630089,74.60686995643832,8.74,164.0,2.365746562036813,22.76,23.66,15.75,25.47,Inside Range,-0.007281025822227921,-0.003357709188288621,-0.02030607775632154,0.17237308012742458,2024-2026
76,8476454,Ryan Nugent-Hopkins,C,150,40,65,1,1140.9358499999998,EDM,5.0,519.68333333333,6.0,964.6,16.0,2852.4,40.0,296.0,40.45,431.0,378.0,179.0,58.0,556.0,13.51,325.0,1416.0,22.0,1484.2833333333301,0.04042354896302377,2.627530682596545,0.20211774481511882,0.2425412937781426,0.6467767834083803,11.965370493055037,1.6351325555543115,17.422549603063242,15.280101508022986,7.235815264381254,22.475493223441216,2.3445658398553784,13.137653412982724,57.23974533164166,8.89,159.0,2.3653040167391683,22.92,23.65,18.06,27.11,Inside Range,0.05707881292968836,0.06007785240773164,-9.615547390073864e-05,0.023925212199424672,2024-2026
54,8475784,Jeff Skinner,L,104,22,20,0,760.25865,SJS,4.0,227.66666666667,4.0,471.9,9.0,1330.9333333333,22.0,200.0,23.78,283.0,217.0,95.0,40.0,382.0,11.0,169.0,932.0,13.0,699.56666666667,0.0,1.7153475961309301,0.343069519226186,0.343069519226186,0.7719064182589185,17.1534759613093,2.039548291799676,24.27216848525266,18.61152141802059,8.147901081621917,32.763139086100765,3.4306951922618603,14.494687187306358,79.93519797970134,11.15,74.0,2.3648199451377887,24.97,23.65,16.67,26.05,Inside Range,0.15748713150960403,-0.056110028058602934,0.10093304182568047,-0.061808494815114856,2024-2026
244,8479400,Pierre-Luc Dubois,C,111,25,60,1,1023.64905,WSH,7.0,351.16666666667,2.0,662.2,9.0,1906.4166666667,25.0,184.0,30.44,290.0,245.0,129.0,39.0,375.0,13.59,257.0,1102.0,11.0,1013.36666666667,0.05920857866517529,3.552514719910518,0.41446005065622704,0.11841715733035058,0.5328772079865777,10.894378474392253,1.802309134567936,17.170487812900834,14.506101772967948,7.637906647807614,22.203216999440734,2.3091345679418365,15.216604716950052,65.24785368902317,6.51,264.0,2.3632019264295496,20.16,23.63,17.2,26.77,Inside Range,0.001259970788927145,0.1435904604736775,-0.010569484986460098,0.004602685477179791,2024-2026
85,8476474,Stefan Noesen,R,116,25,23,1,830.6251,NJD,6.0,272.4,3.0,578.76666666667,9.0,1689.45,25.0,217.0,38.63,322.0,241.0,164.0,58.0,377.0,11.52,195.0,1149.0,12.0,851.1666666666699,0.07049148227922432,1.6213040924221596,0.42294889367534594,0.21147444683767297,0.634423340513019,15.29665165459168,2.723085960446436,22.69825729391023,16.98844722929306,11.560603093792789,26.57528881926757,4.08850597219501,13.745839044448743,80.99471313882874,8.46,170.0,2.360487179672696,22.47,23.6,19.36,27.97,Inside Range,0.04920750782918529,-0.07173060649226018,0.15259872440321787,0.00609325925632942,2024-2026
200,8478444,Brock Boeser,R,150,47,51,1,1116.44,VAN,10.0,603.15,9.0,982.0,12.0,2791.1,47.0,311.0,40.64,468.0,376.0,142.0,62.0,653.0,15.11,388.0,1502.0,21.0,1585.15,0.037851307447244735,1.9304166798094817,0.3785130744724474,0.3406617670252026,0.45421568936693685,11.771756616093114,1.538277134656026,17.714411885310536,14.232091600164022,5.374885657508753,24.716903763050812,2.346781061729174,14.686307289530959,56.8526637857616,7.95,191.0,2.3583811239911863,21.92,23.58,18.14,26.79,Inside Range,0.009845895718864739,-0.020962610070381943,0.012983155280975767,0.13219638838550196,2024-2026
373,8482097,Jack Quinn,R,156,35,55,0,915.5937,BUF,6.0,433.93333333333,3.0,744.88333333333,12.0,2383.7166666667,35.0,314.0,34.55,500.0,341.0,95.0,57.0,653.0,11.15,390.0,1609.0,15.0,1178.81666666666,0.0,2.7994174949455117,0.3053909994486013,0.15269549972430066,0.6107819988972026,15.98212897114347,1.7585431718248625,25.44924995405011,17.356388468662175,4.835357491269521,33.23672043998944,2.9012144947617124,19.850414964159086,81.89568635213325,7.63,205.0,2.3551415329903462,21.55,23.55,17.77,27.41,Inside Range,0.11544278596507901,0.07522906110009256,0.04609154516191283,-0.10594015391296074,2024-2026
369,8482089,Jake Neighbours,L,151,37,45,1,933.7472,STL,9.0,407.45,8.0,825.0,10.0,2354.25,37.0,208.0,31.12,292.0,265.0,157.0,35.0,357.0,17.79,349.0,1564.0,18.0,1232.45,0.048683516572680434,2.1907582457706196,0.43815164915412386,0.38946813258144347,0.4868351657268043,10.12617144711753,1.515031035741815,14.215586839222686,12.901131891760315,7.643312101910828,17.380015416446913,1.7039230800438152,16.99054728386547,76.14101991967219,8.76,163.0,2.353961924610072,22.78,23.54,19.55,28.57,Inside Range,-0.01500646970880179,0.015952694473683998,-0.06927706755028057,0.19797447271924307,2024-2026
475,8484762,Beckett Sennecke,R,82,23,37,1,1046.7073,ANA,4.0,332.05,8.0,513.43333333333,5.0,1430.5,23.0,197.0,29.25,310.0,233.0,129.0,41.0,388.0,11.68,177.0,846.0,13.0,845.4833333333299,0.07096532555343125,2.6257170454769567,0.283861302213725,0.56772260442745,0.3548266277671563,13.980169134025958,2.0757357724378647,21.999250921563693,16.534920853949483,9.154526996392633,27.53454631473133,2.9095783476906814,12.560862622957334,60.036665418202844,9.23,145.0,2.350974001706147,23.25,23.51,18.13,27.15,Inside Range,0.07829906939452691,0.05811271231213447,0.051191758435088,-0.06094783311182572,2024-2026
168,8477987,Ryan Donato,C,162,46,46,1,931.37255,CHI,9.0,507.95,5.0,876.66666666667,17.0,2513.1333333333,46.0,304.0,38.17,474.0,328.0,161.0,50.0,614.0,15.13,251.0,1612.0,22.0,1384.61666666667,0.04333329320991359,1.9933314876560253,0.3899996388892223,0.21666646604956796,0.736665984568531,13.173321135813731,1.6540318018224018,20.539980981499042,14.213320172851658,6.976660206796088,26.606642030886945,2.1666646604956794,10.876656595688312,69.8532686543807,9.53,130.0,2.350061906102489,23.54,23.5,19.48,28.37,Inside Range,0.025001792462042344,-0.011381458552565699,-0.009208973366575113,0.12133225088336186,2024-2026
123,8477416,Oliver Bjorkstrand,R,159,33,45,0,863.53685,TBL,3.0,432.28333333333,7.0,728.13333333333,11.0,2287.6166666667,33.0,284.0,34.46,425.0,320.0,124.0,62.0,569.0,11.62,294.0,1304.0,18.0,1160.4166666666601,0.0,2.3267504488330473,0.1551166965888698,0.36193895870736287,0.568761220825856,14.684380610413008,1.781773788150818,21.97486535008989,16.545780969479445,6.411490125673286,29.420466786355643,3.205745062836643,15.201436265709242,67.42405745062874,9.31,142.0,2.3497630147690574,23.33,23.5,18.09,27.04,Inside Range,0.06384621855558686,0.02470910228598769,0.07994496768308684,-0.043055568431827784,2024-2026
255,8479671,Mathieu Olivier,R,143,33,25,0,860.6268,CBJ,11.0,318.5,2.0,691.56666666667,7.0,2053.5833333333,33.0,205.0,28.37,305.0,229.0,141.0,41.0,385.0,16.1,260.0,1292.0,9.0,1010.06666666667,0.0,1.4850504917167133,0.6534222163553539,0.11880403933733709,0.41581413768067976,12.177414032077051,1.6852352980001266,18.117615998943904,13.603062504125095,8.375684773282263,22.86977757243739,2.43548280641541,15.444525113853821,76.74740941191975,5.35,313.0,2.347227106632115,18.48,23.47,19.6,29.13,Outside Range,-0.02613135383956769,-0.08672962114619379,0.03216145355618244,0.20360833338546724,2024-2026
13,8473994,Jamie Benn,L,140,31,54,1,857.7125000000001,DAL,10.0,339.51666666667,5.0,738.9,9.0,2021.45,31.0,208.0,30.53,298.0,244.0,145.0,38.0,381.0,14.9,302.0,1337.0,14.0,1078.41666666667,0.05563712232439517,3.004404605517339,0.5563712232439516,0.2781856116219758,0.5007341009195565,11.572521443474194,1.6986013445637844,16.57986245266976,13.57545784715242,8.067382737037299,21.197743605594557,2.1142106483270164,16.802410941967338,74.38683254771632,7.79,199.0,2.3463820167949847,21.74,23.46,16.41,25.36,Inside Range,-0.029308105211982072,0.09899375531718976,-0.02546167547181538,0.07783974748536626,2024-2026
179,8478109,Victor Olofsson,L,134,28,32,0,841.76185,"COL,CGY",9.0,287.31666666667,9.0,610.1,6.0,1869.6333333333,28.0,256.0,25.28,356.0,276.0,97.0,40.0,475.0,10.94,259.0,1263.0,15.0,897.41666666667,0.0,2.1394744173089344,0.6017271798681377,0.6017271798681377,0.40115145324542517,17.115795338471475,1.690184789674058,23.801652892561894,18.45296684928956,6.485281827467707,31.75782338192949,2.674343021636168,17.316371065094184,84.442380908162,10.03,109.0,2.341636344283125,24.01,23.42,15.81,24.61,Inside Range,0.19564610908202795,0.004659604266084999,0.029023352858101814,-0.11201101659931123,2024-2026
16,8474102,David Perron,L,108,22,22,0,827.7122999999999,"OTT,DET",5.0,258.28333333333,3.0,480.0,10.0,1484.9333333333,22.0,164.0,21.06,228.0,183.0,73.0,37.0,298.0,13.41,210.0,1206.0,13.0,738.28333333333,0.0,1.7879314626272742,0.40634805968801685,0.2438088358128101,0.8126961193760337,13.328216357766951,1.7115380274059269,18.529471521773566,14.872338984581416,5.932681671445045,24.2183443574058,3.0069756416913243,17.06661850689671,98.01115199674966,10.57,89.0,2.3415790879835594,24.48,23.42,16.83,25.67,Inside Range,-0.00023292219644882595,-0.04253407968047218,0.07648689497245043,0.08354090021180471,2024-2026
186,8478401,Pavel Zacha,C,160,44,68,4,1077.25655,BOS,7.0,576.58333333333,9.0,1018.4166666667,16.0,2877.1166666667,44.0,262.0,42.06,403.0,362.0,178.0,36.0,490.0,16.79,405.0,1516.0,25.0,1595.00000000003,0.15047021943573385,2.5579937304074756,0.26332288401253423,0.33855799373040113,0.6018808777429354,9.855799373040567,1.5821943573667414,15.159874608150187,13.617554858933913,6.695924764890156,18.432601880877396,1.3542319749216045,15.235109717868053,57.028213166143125,9.4,135.0,2.339874493156363,23.42,23.4,14.7,24.34,Inside Range,0.07808639881894619,0.06035271450110399,-0.13880046493887183,0.1159175500989591,2024-2026
72,8476432,Boone Jenner,C,93,20,37,0,1021.9574500000001,CBJ,3.0,264.21666666667,3.0,462.3,9.0,1544.95,20.0,202.0,30.97,323.0,234.0,130.0,34.0,391.0,9.9,207.0,850.0,12.0,726.5166666666701,0.0,3.0556766304971066,0.24775756463490056,0.24775756463490056,0.7432726939047016,16.68234268541664,2.5576839255809567,26.67523112569096,19.32509004152224,10.736161134179023,32.29106925741537,2.807919065862206,17.095271959808137,70.19797664655515,9.91,115.0,2.3388146675442636,23.9,23.39,17.67,26.49,Inside Range,0.20545573332116185,0.10019504957811462,0.028416651727515452,-0.21957106175874863,2024-2026
454,8483808,Andrei Kuzmenko,L,118,24,38,0,916.37265,LAK,9.0,364.51666666667,0.0,691.66666666667,6.0,1807.2,24.0,152.0,22.27,254.0,233.0,113.0,39.0,356.0,15.79,225.0,1101.0,6.0,1056.18333333334,0.0,2.158716131984648,0.511274873364785,0.0,0.3408499155765234,8.634864527938593,1.2651212699815293,14.429313092739491,13.236338388221657,6.419340076691191,20.22376165754039,2.2155244512474024,12.781871834119627,62.54595950829204,3.41,373.0,2.338271802114737,14.84,23.38,16.83,25.65,Outside Range,-0.04633784502894378,0.009953988019514387,-0.00211632258886546,0.15245368703680562,2024-2026
245,8479407,Jesper Bratt,L,163,43,116,1,1131.3467999999998,NJD,9.0,583.98333333333,11.0,1133.2166666667,11.0,3073.4,43.0,358.0,46.62,551.0,429.0,170.0,76.0,745.0,12.01,448.0,1843.0,22.0,1717.2000000000298,0.03494060097833622,4.053109713487001,0.314465408805026,0.38434661076169846,0.38434661076169846,12.508735150244366,1.6289308176100346,19.252271139063257,14.989517819706238,5.939902166317157,26.030747728860483,2.6554856743535526,15.653389238294627,64.39552760307366,7.69,203.0,2.338124643630543,21.62,23.38,18.8,27.42,Inside Range,-0.004901725724546613,0.1804656831054167,0.018638184134385727,-0.08039579256093682,2024-2026
389,8482157,Will Cuylle,L,164,40,43,1,958.03655,NYR,5.0,584.61666666667,15.0,865.11666666667,9.0,2618.6333333333,40.0,309.0,45.06,471.0,376.0,210.0,66.0,613.0,12.94,366.0,1675.0,24.0,1449.73333333334,0.041386921732732264,1.7796376345074876,0.20693460866366134,0.620803825990984,0.3724822955945904,12.788558815414271,1.8648946932769161,19.4932401361169,15.561482571507332,8.691253563873776,25.37018302216488,2.7315368343603295,15.14761335418001,69.32309390232655,9.93,112.0,2.3341740885020625,23.92,23.34,12.92,21.82,Outside Range,0.0597862969355587,-0.0424149877419647,0.048682224376136896,0.04380226025610734,2024-2026
164,8477955,Jared McCann,L,134,42,59,2,1009.3423500000001,SEA,6.0,475.66666666667,7.0,727.5,10.0,2265.85,42.0,319.0,36.09,490.0,290.0,104.0,50.0,646.0,13.17,324.0,1280.0,17.0,1203.16666666667,0.09973680565175205,2.9422357667266854,0.2992104169552562,0.3490788197811322,0.49868402825876024,15.90802050145445,1.799750657985866,24.43551738467925,14.461836819504047,5.186313893891106,32.21498822551592,2.493420141293801,16.15736251558383,63.83155561712131,8.48,169.0,2.3333626238832768,22.49,23.33,16.76,25.91,Inside Range,-0.006714503233344465,0.0919732366418923,0.014032879214350202,0.00975271658415433,2024-2026
234,8479343,Clayton Keller,R,163,56,122,5,1146.11635,UTA,10.0,608.0,12.0,1132.8,15.0,3113.6,56.0,443.0,53.67,671.0,405.0,167.0,79.0,870.0,12.64,532.0,1841.0,27.0,1740.8,0.17233455882352944,4.204963235294118,0.3446691176470589,0.41360294117647056,0.5170036764705883,15.268841911764708,1.849839154411765,23.127297794117645,13.959099264705884,5.755974264705882,29.986213235294116,2.7228860294117645,18.33639705882353,63.453584558823536,9.31,143.0,2.3321347063780804,23.33,23.32,17.45,26.31,Inside Range,-0.07390982136304483,0.1911219330498847,0.027778645942760194,-0.03717434592774449,2024-2026
139,8477496,Elias Lindholm,C,151,34,61,0,1078.8063499999998,BOS,5.0,538.78333333333,7.0,923.58333333333,13.0,2716.2666666667,34.0,266.0,45.71,430.0,362.0,197.0,68.0,561.0,12.78,402.0,1427.0,20.0,1462.36666666666,0.0,2.502792277358631,0.20514690798021565,0.2872056711723019,0.5333819607485607,10.913815504547474,1.8754530327551318,17.642634086298546,14.852636137767613,8.082788174420497,23.0174830753802,2.789997948530933,16.493811401609342,58.54892753755355,8.21,180.0,2.33146201275442,22.2,23.31,16.99,25.9,Inside Range,0.00013366724699140353,0.04685712535254513,0.046667974284455516,0.013484951194203454,2024-2026
83,8476468,J.T. Miller,C,140,39,84,4,1150.3745,NYR,8.0,575.2,9.0,889.48333333333,13.0,2680.3166666667,39.0,281.0,43.25,446.0,340.0,179.0,50.0,551.0,13.88,347.0,1533.0,22.0,1464.6833333333302,0.16385794426554123,3.441016829576366,0.32771588853108247,0.36868037459746783,0.5325383188630091,11.511020584654272,1.771714022371165,18.27016078560785,13.927925262571005,7.332643005882971,22.571431822578308,2.0482243033192655,14.214676665035704,62.798557139768675,9.01,154.0,2.329366753298747,23.04,23.29,14.71,23.48,Inside Range,-0.004829703341358738,0.13775815310378833,-0.040372815103193904,0.012492823963286326,2024-2026
249,8479525,Ross Colton,C,134,25,28,0,808.15715,COL,5.0,282.31666666667,3.0,598.98333333333,8.0,1793.4666666667,25.0,278.0,38.37,439.0,318.0,150.0,56.0,553.0,8.99,263.0,1313.0,11.0,881.3000000000001,0.0,1.9062748212867355,0.340406218086917,0.2042437308521502,0.5446499489390673,18.926585725632588,2.612277317599001,29.887665948031316,21.649835470327925,10.21218654260751,37.64892772041302,3.812549642573471,17.905367071371835,89.39067286962441,7.49,213.0,2.327897093603389,21.39,23.28,17.61,26.66,Inside Range,0.2508271481648895,-0.02878355250022141,0.11568495821218455,-0.23414975494968232,2024-2026
471,8484227,Will Smith,C,143,42,62,1,1021.0738,SJS,2.0,504.21666666667,9.0,859.25,14.0,2427.7333333333,42.0,293.0,30.07,427.0,331.0,99.0,38.0,597.0,14.33,309.0,1379.0,23.0,1363.4666666666699,0.04400547623704273,2.728339526696649,0.08801095247408545,0.3960492861333846,0.6160766673185982,12.89360453745352,1.3232446704478749,18.790338353217248,14.565812634461144,4.356542147467231,26.27126931351451,1.6722080970076236,13.597692157246202,60.68355173088192,10.12,106.0,2.326763764808672,24.09,23.27,16.39,25.37,Inside Range,0.08965494914246808,0.07599826132500262,-0.08934582112947664,0.026138080794453344,2024-2026
118,8477402,Pavel Buchnevich,L,157,40,65,0,1108.938,STL,8.0,520.11666666667,7.0,1022.95,14.0,2899.0,40.0,287.0,42.1,440.0,364.0,168.0,57.0,575.0,13.94,402.0,1578.0,21.0,1543.06666666667,0.0,2.5274345459258565,0.3110688671908746,0.2721852587920153,0.5443705175840307,11.159595610472627,1.6369999135919777,17.108787695498105,14.153633457184796,6.532446211008367,22.358074829344112,2.2163656787349817,15.63121057634145,61.35833405340002,8.17,183.0,2.323273735533723,22.16,23.23,18.01,27.11,Inside Range,0.007493864476354584,0.05249438376706714,-0.01142250932015404,0.050389701934230535,2024-2026
27,8475158,Ryan O'Reilly,C,160,46,81,0,1181.4975,NSH,6.0,643.53333333333,9.0,1145.3333333333,20.0,3152.0666666667,46.0,305.0,53.09,458.0,408.0,250.0,52.0,527.0,15.08,340.0,1640.0,29.0,1788.86666666663,0.0,2.71680393545267,0.20124473595945705,0.30186710393918553,0.6708157865315235,10.229940744605733,1.780680505347929,15.361681511571886,13.684642045243079,8.385197331644044,17.675995975105643,1.7441210449819609,11.4038683710359,55.00689449558492,9.73,123.0,2.32186819066397,23.73,23.22,15.19,24.09,Inside Range,0.02592763324122055,0.07477969879668642,-0.0747281317904856,0.0715706957403236,2024-2026
418,8482745,Mason McTavish,C,151,39,54,1,965.863,ANA,6.0,519.18333333333,8.0,907.03333333333,13.0,2431.5333333333,39.0,326.0,48.12,537.0,386.0,185.0,60.0,677.0,11.96,340.0,1460.0,21.0,1426.2166666666599,0.042069344302525534,2.2717445923363786,0.2524160658151532,0.33655475442020427,0.5469014759328319,13.714606242623322,2.0243768478375284,22.59123789045621,16.238766900774856,7.782828695967224,28.48094609280978,2.5241606581515317,14.303577062858679,61.421242681687275,8.83,161.0,2.321620282960093,22.85,23.22,17.3,26.25,Inside Range,0.1024617163705821,0.022382603441358756,0.017981302024225265,-0.04552363355229644,2024-2026
67,8476389,Vincent Trocheck,C,149,42,70,1,1249.5068,NYR,9.0,684.63333333333,5.0,1017.2166666667,11.0,3107.05,42.0,316.0,51.12,520.0,414.0,213.0,67.0,636.0,13.29,400.0,1603.0,16.0,1701.85000000003,0.03525575109439666,2.4679025766077656,0.3173017598495699,0.17627875547198327,0.3878132620383632,11.140817345829342,1.802273995945557,18.33299056908626,14.595880953080215,7.509474983106487,22.42265769603627,2.3621353233245754,14.102300437758663,56.514969004317834,5.64,304.0,2.3203203191783404,18.93,23.2,20.15,29.48,Outside Range,0.02210481358077107,0.04548082009284923,0.004054018608146637,0.024362372220348538,2024-2026
412,8482713,Mackie Samoskevich,R,149,27,36,0,833.7510500000001,FLA,8.0,351.78333333333,2.0,700.03333333333,7.0,2073.3666666667,27.0,289.0,39.82,473.0,353.0,165.0,65.0,609.0,9.34,315.0,1447.0,9.0,1051.81666666666,0.0,2.0535898207862715,0.4563532935080604,0.1140883233770151,0.39930913181955285,16.48576272797868,2.2714985184363705,26.98188847866407,20.136589076043165,9.412286678603746,34.739894468301095,3.7078705097529903,17.968910931879876,82.54290196327041,5.13,320.0,2.3191322936012932,18.13,23.19,18.48,27.24,Outside Range,0.19822494220406017,-0.008611712206513328,0.10951983294694356,-0.20431906401941702,2024-2026
22,8474586,Jordan Eberle,R,122,35,46,1,1042.1866,SEA,8.0,472.13333333333,6.0,772.46666666667,13.0,2161.1666666667,35.0,234.0,40.08,364.0,287.0,169.0,40.0,441.0,14.96,303.0,1189.0,19.0,1244.6,0.048208259681825495,2.217579945363972,0.38566607745460396,0.28924955809095293,0.6267073758637314,11.280732765547166,1.9321870480475658,17.547806524184477,13.835770528683916,8.147195886228507,21.25984251968504,1.9283303872730193,14.607102683593123,57.31962076169051,9.16,149.0,2.3190138946242618,23.18,23.19,18.32,27.38,Inside Range,0.023644696140328103,0.019406146181489364,-0.04295744314453753,0.09460220077075632,2024-2026
171,8477998,Warren Foegele,L,150,37,26,0,898.3096499999999,"LAK,OTT",5.0,340.13333333333,5.0,877.61666666667,16.0,2262.5333333333,37.0,305.0,41.59,475.0,339.0,181.0,59.0,598.0,12.13,276.0,1541.0,21.0,1217.75,0.0,1.2810511188667626,0.24635598439745432,0.24635598439745432,0.7883391500718537,15.027715048244715,2.0491890782180255,23.40381851775816,16.702935742147403,8.918086635187846,29.464175733935537,2.9070006158899613,13.598850338739478,75.92691439129541,10.35,100.0,2.3162057625154935,24.29,23.16,16.88,25.87,Inside Range,0.12094048316457073,-0.12317712545931553,0.06917509408390887,0.024949016050106687,2024-2026
388,8482155,Alex Laferriere,R,159,40,46,0,1045.26545,LAK,8.0,440.2,7.0,1130.1833333333,18.0,2774.4,40.0,402.0,51.75,641.0,503.0,242.0,89.0,840.0,9.95,293.0,1616.0,25.0,1570.3833333333,0.0,1.7575326618766491,0.30565785423941727,0.2674506224594901,0.6877301720386888,15.359307175530715,1.9772242446112305,24.490835570933307,19.21823758530336,9.246150090742372,32.09407469513881,3.400443628413517,11.194718911518656,61.74288655636228,9.55,129.0,2.3130488381874823,23.56,23.13,16.49,26.35,Inside Range,0.18743368498200613,-0.04733143015853031,0.09364740097113017,-0.1450191122833442,2024-2026
424,8482775,Oliver Kapanen,C,100,22,17,0,760.9322,MTL,4.0,246.45,7.0,499.68333333333,6.0,1382.9666666667,22.0,147.0,19.66,223.0,183.0,82.0,23.0,267.0,14.97,201.0,866.0,13.0,746.13333333333,0.0,1.367047891350971,0.3216583273766991,0.5629020729092233,0.4824874910650486,11.820943531093691,1.5809506790564758,17.932451751250973,14.715868477483982,6.593995711222331,21.47069335239466,1.8495353824160197,16.163330950679125,69.63902787705534,10.45,96.0,2.310033883108432,24.38,23.1,16.37,25.23,Inside Range,0.10866583613040726,-0.10218154103398405,-0.04422921524747275,0.12346050858325708,2024-2026
284,8480188,Fabian Zetterlund,L,166,36,38,0,877.5486,OTT,4.0,425.53333333333,6.0,826.51666666667,13.0,2431.3166666667,36.0,313.0,39.05,492.0,360.0,160.0,51.0,628.0,11.5,365.0,1774.0,19.0,1252.05,0.0,1.8210135377980112,0.1916856355576854,0.2875284533365281,0.6229783155624776,14.999400982388883,1.8713310171319035,23.577333173595303,17.251707200191685,7.667425422307417,30.09464478255661,2.443991853360489,17.491314244638794,85.01257936983347,9.11,150.0,2.3074748190236285,23.14,23.07,18.35,27.72,Inside Range,0.17025302973739032,-0.034245910751108,0.012013165628198097,-0.06486376026707391,2024-2026
32,8475172,Nazem Kadri,C,159,51,66,2,1151.65275,"CGY,COL",12.0,621.51666666667,14.0,1102.0166666667,10.0,3052.6833333333,51.0,492.0,56.11,714.0,535.0,210.0,72.0,987.0,10.37,496.0,1802.0,24.0,1723.5333333333701,0.06962441496151169,2.2976056937298854,0.41774648976907014,0.48737090473058176,0.3481220748075584,17.127606080531873,1.95331296174521,24.855916141259673,18.624531002204375,7.3105635709587276,34.35964878350602,2.506478938614421,17.2668549104549,62.73159788032202,8.35,174.0,2.3070087599970126,22.35,23.07,17.55,26.41,Inside Range,0.21613103809477813,0.025899801246442672,0.007748697970576812,-0.1670890719910053,2024-2026
52,8475765,Vladimir Tarasenko,R,155,34,46,1,891.5783,MIN,7.0,384.53333333333,2.0,805.3,12.0,2302.85,34.0,281.0,33.16,411.0,315.0,123.0,46.0,559.0,12.1,314.0,1430.0,14.0,1189.8333333333298,0.05042723070458062,2.3196526124107084,0.35299061493206435,0.10085446140916124,0.6051267684549675,14.170051827987155,1.6721669701638933,20.725591819582636,15.884577671942896,6.202549376663417,28.18882196386057,2.3196526124107084,15.834150441238314,72.11093990755029,7.06,235.0,2.305598922844374,20.87,23.06,17.31,26.79,Inside Range,0.10229860081680359,0.02968549568170939,-0.004332335097529616,-0.04637113323283182,2024-2026
198,8478439,Travis Konecny,R,159,51,93,0,1190.7866,PHI,8.0,633.46666666667,9.0,1072.8,12.0,3159.3666666667,51.0,357.0,44.78,553.0,385.0,139.0,51.0,731.0,14.29,419.0,1763.0,21.0,1706.26666666667,0.0,3.270297726029532,0.2813159334218952,0.3164804250996321,0.4219739001328428,12.553723528952073,1.5746659373290586,19.445963897788506,13.538329295928706,4.88786434320543,25.705243416425674,1.7933890755645818,14.73392201297176,61.994998827850154,7.38,222.0,2.3043559131577664,21.26,23.04,17.08,26.19,Inside Range,0.002689415164483816,0.12634648378038751,-0.07335176357712564,0.024353483113795593,2024-2026
406,8482679,Matt Coronato,R,157,42,50,1,1026.9396,CGY,7.0,526.83333333333,7.0,969.56666666667,17.0,2685.1,42.0,378.0,44.56,557.0,413.0,154.0,78.0,784.0,11.11,354.0,1606.0,24.0,1496.4,0.040096230954290296,2.0048115477145148,0.2806736166800321,0.2806736166800321,0.681635926222935,15.156375300721733,1.7866880513231755,22.333600641539693,16.55974338412189,6.174819566960705,31.43544506816359,3.127506014434643,14.194065757818764,64.39454691259022,9.62,128.0,2.3021251039157873,23.63,23.02,16.36,25.64,Inside Range,0.07998008739841656,-0.011775952855120841,0.07544637879322613,-0.06584370409695706,2024-2026
219,8478873,Troy Terry,R,138,40,72,2,1115.892,ANA,3.0,568.31666666667,12.0,949.1,19.0,2570.5666666667,40.0,349.0,45.67,522.0,391.0,171.0,70.0,682.0,11.46,343.0,1312.0,31.0,1517.4166666666702,0.07908177274973896,2.8469438189906024,0.11862265912460845,0.4744906364984338,0.7512768411225201,13.79976934482945,1.8058322807402891,20.64034268768187,15.460486572573965,6.761491570102681,26.966884507660986,2.7678620462408636,13.562524026580233,51.87764292382876,12.26,43.0,2.2968233315591275,25.85,22.97,15.83,25.11,Outside Range,0.032663575747972406,0.0835168579463276,0.036661176595597145,-0.08033657340699246,2024-2026
26,8475151,Kyle Palmieri,C,107,30,36,0,1121.7878,NYI,9.0,396.46666666667,6.0,745.68333333333,10.0,1990.25,30.0,240.0,34.21,378.0,291.0,125.0,48.0,489.0,12.5,258.0,1111.0,16.0,1142.15,0.0,1.8911701615374512,0.4727925403843628,0.31519502692290857,0.5253250448715142,12.607801076916342,1.79713697850545,19.857286696143237,15.286958805761065,6.566563060893928,25.688394694217045,2.5215602153832686,13.553386157685066,58.36361248522523,8.41,171.0,2.2949500445899558,22.42,22.95,17.51,26.09,Inside Range,0.06188345395601502,-0.024001611487422275,0.025067258816190374,0.007682648628949296,2024-2026
308,8480849,Barrett Hayton,C,149,30,41,0,936.7292,UTA,5.0,416.68333333333,4.0,880.76666666667,12.0,2333.55,30.0,273.0,49.65,416.0,369.0,224.0,61.0,513.0,10.99,346.0,1484.0,16.0,1297.4499999999998,0.0,1.8960268218428458,0.23122278315156655,0.18497822652125326,0.5549346795637597,12.624763960075533,2.296042236695056,19.237735558210336,17.064241396585615,10.358780685190181,23.72345755135073,2.8209179544491123,16.000616594088406,68.62692203938497,7.4,220.0,2.2935154428297464,21.28,22.94,15.88,24.75,Inside Range,0.12983096196834565,-0.02471939982041574,0.04815502790450904,-0.08406944189891447,2024-2026
381,8482124,Quinton Byfield,R,160,47,56,6,1159.4315000000001,LAK,7.0,533.55,9.0,1220.2833333333,17.0,3090.4166666667,47.0,339.0,46.88,549.0,407.0,201.0,70.0,713.0,13.86,291.0,1746.0,26.0,1753.8333333333,0.2052646583673896,1.9158034780956366,0.23947543476195457,0.30789698755108447,0.5815831987076039,11.597453197757513,1.6038011973772042,18.78171624061615,13.923785992587929,6.876366055307552,24.3922835693248,2.3947543476195454,9.955335930818396,59.73201558491038,8.89,157.0,2.2933691421244653,22.92,22.93,17.94,27.41,Inside Range,-0.008885941575371564,-0.019820728965654427,0.016462468105869932,0.08129504988339697,2024-2026
348,8481618,Alex Newhook,C,124,28,23,1,888.4991,MTL,1.0,350.13333333333,6.0,713.8,13.0,1849.1833333333,28.0,179.0,24.26,285.0,252.0,111.0,29.0,377.0,15.64,292.0,1063.0,19.0,1063.93333333333,0.05639451093426924,1.2970737514881925,0.05639451093426924,0.33836706560561547,0.7331286421455001,10.094617457234195,1.368130835265372,16.072435616266734,14.211416755435849,6.259790713703886,21.260730622219505,1.6354408170938082,16.46719719280662,59.94736512312821,10.71,85.0,2.291316088475675,24.6,22.91,17.89,27.11,Inside Range,0.10831846601578954,-0.11239122889166542,-0.07424777074592542,0.14531832742125217,2024-2026
53,8475768,Jaden Schwartz,L,131,37,38,0,1020.70145,SEA,5.0,479.01666666667,4.0,772.48333333333,13.0,2255.5333333333,37.0,276.0,39.41,414.0,295.0,177.0,54.0,512.0,13.41,292.0,1243.0,17.0,1251.5,0.0,1.8218138234119057,0.23971234518577705,0.19176987614862165,0.6232520974830204,13.232121454254894,1.8894127047542946,19.84818218138234,14.143028365960847,8.485817019576508,24.54654414702357,2.5888933280063924,13.999200958849382,59.59248901318418,8.15,186.0,2.289431974578962,22.14,22.89,18.29,27.5,Inside Range,-0.00923616273901387,-0.033402616858690753,0.03716701229042946,0.07058544721001225,2024-2026
275,8480028,Morgan Frost,C,163,36,44,1,937.7214,CGY,4.0,488.63333333333,8.0,878.56666666667,15.0,2546.6833333333,36.0,284.0,37.67,413.0,343.0,163.0,52.0,545.0,12.68,458.0,1666.0,23.0,1367.2,0.04388531304856641,1.9309537741369223,0.17554125219426564,0.3510825043885313,0.6582796957284962,12.463428905792862,1.6531597425394968,18.12463428905793,15.05266237565828,7.153306026916326,23.917495611468695,2.2820362785254535,20.099473376243417,73.11293153891164,10.09,107.0,2.2821902025909226,24.06,22.82,17.68,26.6,Inside Range,0.0700472478443972,-0.016887388757877403,-0.001414855453572672,0.006126904281752443,2024-2026
80,8476459,Mika Zibanejad,C,163,54,86,0,1189.79785,NYR,4.0,735.26666666667,12.0,1051.05,14.0,3231.2166666667,54.0,398.0,51.49,642.0,392.0,167.0,70.0,799.0,13.57,408.0,1618.0,26.0,1786.3166666666698,0.0,2.888625570307611,0.1343546776887261,0.40306403306617833,0.47024137191054133,13.368290430028246,1.7294805885481268,21.56392576904054,13.166758413495158,5.609307793504315,26.83734686832304,2.3512068595527067,13.704177124250062,54.3464671250897,8.73,166.0,2.2792869209683815,22.75,22.79,17.0,25.85,Inside Range,-0.07319787007129613,0.09050471033820603,0.0019911550091529784,0.03567063101609369,2024-2026
387,8482149,Cole Perfetti,C,150,30,52,1,924.32295,WPG,2.0,411.53333333333,5.0,806.16666666667,12.0,2307.9166666667,30.0,279.0,39.63,442.0,340.0,153.0,51.0,565.0,10.75,391.0,1416.0,17.0,1217.7,0.049273220004927315,2.5622074402562203,0.09854644000985463,0.24636610002463658,0.5912786400591279,13.747228381374724,1.9526977087952697,21.778763242177874,16.75289480167529,7.53880266075388,27.839369302783936,2.512934220251293,19.265829021926585,69.77087952697708,8.38,173.0,2.279177572641922,22.39,22.79,16.59,25.75,Inside Range,0.12675207950318218,0.056657487659402844,0.009358301304833061,-0.13790859050171733,2024-2026
207,8478474,Lawson Crouse,L,162,36,26,0,909.79625,UTA,4.0,409.11666666667,5.0,875.95,13.0,2456.45,36.0,266.0,39.89,422.0,337.0,172.0,39.0,525.0,13.53,328.0,1528.0,18.0,1285.06666666667,0.0,1.2139448018261019,0.1867607387424772,0.2334509234280965,0.6069724009130509,12.419589126374735,1.8624714671093539,19.703257937331344,15.734592239053704,8.030711765926519,24.512346959950133,1.820917202739153,15.31438057688313,71.34260219962628,8.4,172.0,2.278556211394566,22.41,22.79,17.22,26.06,Inside Range,0.17643490457728744,-0.12877324057887102,-0.0505301512576003,0.05710640397752731,2024-2026
345,8481601,Simon Holmstrom,R,154,39,47,2,1007.8073999999999,NYI,8.0,470.61666666667,3.0,934.3,20.0,2586.4333333333,39.0,196.0,28.33,334.0,256.0,103.0,36.0,414.0,19.9,304.0,1495.0,23.0,1404.91666666667,0.08541431876149218,2.007236490895066,0.3416572750459687,0.12812147814223826,0.8541431876149218,8.370603238626234,1.2098938252565368,14.264191233169194,10.933032801470999,4.398837416216847,17.680763983628882,1.5374577377068592,12.982976451746811,63.8472032742154,9.82,120.0,2.2736386484531534,23.81,22.74,15.75,24.77,Inside Range,-0.1432393839601274,-0.0013527538889902546,-0.08749663961372275,0.2814091312397652,2024-2026
479,8484911,Collin Graf,R,114,26,31,1,969.0717999999999,SJS,6.0,326.98333333333,5.0,621.51666666667,10.0,1855.2333333333,26.0,159.0,23.36,222.0,194.0,117.0,29.0,280.0,16.35,212.0,1042.0,15.0,948.5,0.0632577754348972,1.9609910384818134,0.37954665260938325,0.31628887717448606,0.6325777543489721,10.057986294148655,1.4777016341591986,14.043226146547179,12.272008434370058,7.401159725882973,17.71217712177122,1.834475487612019,13.410648392198208,65.9146020031629,9.49,133.0,2.270327553061117,23.5,22.7,10.98,20.28,Outside Range,-0.06678584684857194,-0.009453074045755128,-0.04773826361823896,0.16998644289745635,2024-2026
209,8478493,Joel Eriksson Ek,C,116,33,47,0,1165.3605,MIN,3.0,306.91666666667,11.0,851.76666666667,11.0,2244.7833333333,33.0,334.0,48.37,466.0,338.0,201.0,59.0,559.0,9.88,213.0,908.0,22.0,1158.68333333334,0.0,2.4337969822068013,0.15534874354511496,0.5696120596654216,0.5696120596654216,17.2954934480228,2.5047395750924033,24.13083816400786,17.502625106082952,10.408365817522704,28.946649213906422,3.055191956387261,11.029760791703163,47.0188863796548,11.39,66.0,2.2674308059138157,25.17,22.67,14.8,24.41,Outside Range,0.12403533372440068,0.041241646571908236,0.0588868616721932,-0.18105133073090712,2024-2026
106,8476921,Jordan Martinook,L,156,27,38,0,903.9766,CAR,6.0,381.4,3.0,734.78333333333,7.0,2350.8,27.0,221.0,33.1,389.0,273.0,144.0,48.0,500.0,12.22,402.0,1252.0,10.0,1116.18333333333,0.0,2.042675187767846,0.322527661226502,0.161263830613251,0.37628227143091897,11.879768855176156,1.7792775977662028,20.910543369518212,14.675008585805841,7.740663869436047,26.8773051022085,2.580221289812016,21.609353302175634,67.30077197593008,5.38,310.0,2.264211900445824,18.53,22.64,17.73,26.63,Inside Range,0.02052721311232003,-0.0026670818553931885,0.029579187558211595,-0.007545713045538083,2024-2026
459,8484144,Connor Bedard,C,151,53,89,2,1234.56705,CHI,12.0,648.25,8.0,1114.7833333333,20.0,3104.15,53.0,421.0,45.36,626.0,421.0,107.0,56.0,822.0,12.59,432.0,1657.0,28.0,1763.0333333333,0.06806451003006311,3.0288706963378083,0.4083870601803787,0.27225804012025245,0.6806451003006311,14.327579361328285,1.5437030874818312,21.30419163940975,14.327579361328285,3.6414512866083766,27.974513622355936,1.9058062808417668,14.701934166493631,56.39144655990728,9.53,131.0,2.263445731646854,23.54,22.63,18.09,26.99,Inside Range,0.04653368329240151,0.10639368266979968,-0.060337351492836644,-0.05346257749873384,2024-2026
125,8477426,Nick Paul,L,127,29,27,1,903.7142,TBL,3.0,378.61666666667,5.0,603.26666666667,7.0,1947.3833333333,29.0,209.0,27.49,308.0,236.0,128.0,29.0,398.0,13.88,269.0,1120.0,12.0,981.88333333334,0.0611070561675687,1.6498905165243551,0.18332116850270613,0.30553528083784354,0.427749393172981,12.77137473902186,1.6798329740464637,18.82097329961116,14.421265255546215,7.821703189448794,24.320608354692347,1.7721046288594926,16.437798109075985,68.43990290767695,7.33,224.0,2.261304597897004,21.2,22.61,17.81,27.33,Inside Range,0.09579761359430583,-0.0530100441740364,-0.06200784277532756,0.056206576575838385,2024-2026
18,8474149,Evgenii Dadonov,L,104,21,20,0,725.6458,NJD,3.0,210.83333333333,3.0,460.86666666667,9.0,1338.3833333333,21.0,143.0,19.48,214.0,143.0,87.0,26.0,273.0,14.69,224.0,974.0,12.0,671.7,0.0,1.786511835640911,0.2679767753461366,0.2679767753461366,0.80393032603841,12.773559624832513,1.7400625279142474,19.115676641357748,12.773559624832513,7.771326485037963,24.385886556498438,2.3224653863331843,20.008932559178206,87.00312639571237,10.72,84.0,2.259530262204402,24.61,22.6,15.71,24.79,Inside Range,-0.07510362571005708,-0.0354733430417736,0.01386370924274899,0.13192522703725829,2024-2026
188,8478403,Jack Eichel,C,151,55,129,3,1252.03345,VGK,7.0,650.38333333333,4.0,1085.1,26.0,3149.95,55.0,493.0,49.0,668.0,406.0,148.0,78.0,874.0,11.16,440.0,1483.0,30.0,1735.48333333333,0.10371750424953684,4.459852682730084,0.24200750991558595,0.1382900056660491,0.8988850368293192,17.044243198340553,1.6940525694091015,23.0944309462302,14.036435575103985,5.116730209643817,30.216366238031732,2.6966551104879577,15.211900623265402,51.27101960068771,10.37,98.0,2.2575853464790443,24.31,22.58,16.07,25.27,Inside Range,-0.06450597058491847,0.21176782322589352,0.01925961571035706,-0.133254416548511,2024-2026
177,8478047,Michael Bunting,L,150,33,38,0,899.15765,"NSH,DAL",10.0,520.83333333333,4.0,802.53333333333,8.0,2248.9833333333,33.0,281.0,40.43,459.0,326.0,182.0,71.0,592.0,11.74,300.0,1591.0,12.0,1323.36666666666,0.0,1.7228785169139404,0.4533890833984054,0.18135563335936214,0.3627112667187243,12.74023324349519,1.833052064179753,20.810558927986808,14.780484118788015,8.251681317850977,26.8406337371856,3.219062492128678,13.60167250195216,72.1342031686863,5.44,307.0,2.257488401719596,18.63,22.57,15.84,24.47,Inside Range,-0.012488129294976669,-0.048421907245692036,0.09134009214184163,0.00274005144220002,2024-2026
130,8477451,Ryan Hartman,R,145,34,35,0,951.4580000000001,MIN,5.0,419.01666666667,4.0,874.11666666667,13.0,2305.5666666667,34.0,325.0,43.07,505.0,357.0,171.0,74.0,654.0,10.46,245.0,1318.0,17.0,1293.13333333334,0.0,1.6239624684229435,0.2319946383461348,0.18559571067690786,0.6031860596999504,15.079651492498764,1.9984018147136051,23.431458472959616,16.564417177914024,7.934216631437811,30.344898695674434,3.433520647522795,11.367737278960606,61.153786668041135,7.89,196.0,2.2536006822652803,21.85,22.54,12.39,21.49,Outside Range,0.07306563913866537,-0.06402720577376705,0.10323608362579478,-0.08299212940163397,2024-2026
44,8475692,Mats Zuccarello,R,128,34,74,4,1149.0189,MIN,6.0,430.7,5.0,900.15,15.0,2456.3,34.0,273.0,30.22,415.0,295.0,100.0,55.0,545.0,12.45,345.0,1120.0,20.0,1330.85,0.18033587556824587,3.3362136980125485,0.2705038133523688,0.22541984446030733,0.676259533380922,12.30792350753278,1.3624375399180975,18.709847090205507,13.299770823158134,4.508396889206146,24.570763046173496,2.4796182890633807,15.553969267761206,50.49404515910885,9.02,153.0,2.2530770035269043,23.05,22.53,17.63,26.86,Inside Range,-0.08043522511655274,0.1310112464140906,0.009498854533320944,-0.03131616698017864,2024-2026
436,8483489,Fraser Minten,C,103,20,20,2,857.2209,BOS,4.0,237.61666666667,2.0,541.23333333333,5.0,1548.6666666667,20.0,139.0,19.5,214.0,181.0,90.0,22.0,282.0,14.39,165.0,965.0,7.0,778.85,0.15407331321820633,1.5407331321820632,0.30814662643641266,0.15407331321820633,0.3851832830455158,10.708095268665339,1.5022148038775116,16.485844514348077,13.943634846247672,6.933299094819285,21.724337163767093,1.6948064454002696,12.711048340502021,74.34037362778456,5.39,309.0,2.2487523008159,18.55,22.49,15.94,24.77,Inside Range,0.07958977502497572,-0.06884899583551926,-0.0705628811444575,0.08425610809467698,2024-2026
31,8475170,Brayden Schenn,C,162,36,53,2,1029.89175,"STL,NYI",4.0,525.26666666667,5.0,916.2,19.0,2781.5,36.0,264.0,39.79,401.0,326.0,149.0,46.0,516.0,13.64,402.0,1684.0,24.0,1441.4666666666699,0.08324854315049468,2.206086393488109,0.16649708630098936,0.2081213578762367,0.7908611599296995,10.988807695865297,1.6562297659790917,16.691332901674183,13.569512533530633,6.202016464711853,21.478124132827627,1.9147164924613778,16.73295717324943,70.09527333271653,9.99,110.0,2.2478854102631995,23.97,22.48,16.41,25.32,Inside Range,0.013086981569670114,0.021733560602620244,-0.04714114199260483,0.03588771540729008,2024-2026
332,8481533,Trevor Zegras,C,138,38,61,1,1072.7433,PHI,7.0,486.93333333333,11.0,919.98333333333,10.0,2487.4666666667,38.0,265.0,33.51,419.0,290.0,118.0,49.0,546.0,14.34,277.0,1500.0,21.0,1406.9166666666601,0.0426464490908016,2.601433394538897,0.29852514363561117,0.4691109399988176,0.4264644909080159,11.301309009062422,1.4290825090327612,17.86886216904587,12.367470236332462,5.032280992714588,23.284961203577673,2.0896760054492782,11.813066398152042,63.96967363620239,8.96,155.0,2.2429231372220393,22.99,22.43,15.91,24.83,Inside Range,-0.0984988144911939,0.06527544404626998,-0.023747802957603037,0.07557601594834051,2024-2026
62,8475848,Brendan Gallagher,R,159,28,33,0,787.95235,MTL,4.0,377.7,5.0,766.65,7.0,2091.9833333333,28.0,267.0,42.84,400.0,321.0,173.0,53.0,537.0,10.49,231.0,1416.0,12.0,1144.35,0.0,1.7302398741643727,0.2097260453532573,0.2621575566915717,0.3670205793682003,13.999213527329927,2.2461659457333862,20.972604535325733,16.830515139598898,9.07065146152838,28.155721588674794,2.77887010093066,12.11167911915061,74.2430200550531,6.29,274.0,2.2417129229455774,19.87,22.42,17.51,26.34,Inside Range,0.1294492634291423,-0.04526241426462185,0.0449696269967535,-0.11176184789191757,2024-2026
376,8482110,Dawson Mercer,C,164,39,39,0,1083.317,NJD,11.0,519.11666666667,6.0,1101.8833333333,5.0,2961.0666666667,39.0,299.0,47.1,455.0,379.0,208.0,67.0,599.0,13.04,305.0,1659.0,11.0,1620.99999999997,0.0,1.4435533621221737,0.40715607649599767,0.22208513263418053,0.1850709438618171,11.067242442936664,1.7433682911783173,16.84145589142536,14.028377544725737,7.698951264651593,22.17149907464569,2.4799506477483497,11.289327575570844,61.40653917335092,4.07,358.0,2.239344848864321,16.23,22.39,13.76,22.71,Inside Range,0.006387922509411947,-0.08850120582697887,0.030383142406974983,0.06675669509868953,2024-2026
286,8480220,Noah Cates,L,160,34,50,2,963.61925,PHI,4.0,487.03333333333,11.0,887.23333333333,10.0,2570.3833333333,34.0,242.0,38.77,348.0,298.0,189.0,43.0,450.0,14.05,276.0,1644.0,21.0,1374.26666666666,0.08731929756476223,2.1829824391190558,0.17463859512952445,0.48025613660619226,0.43659648782381116,10.565635005336231,1.6926845832929158,15.193557776268628,13.010575337149573,8.251673619870031,19.646841952071505,1.877364897642388,12.050063063937188,71.77646259823456,9.17,147.0,2.233778108332533,23.19,22.34,18.9,27.68,Inside Range,-0.019433400259497552,0.019983121586970937,-0.05022458913739353,0.05913468146622858,2024-2026
236,8479353,Brett Howden,C,138,35,27,1,892.6892,VGK,9.0,353.76666666667,5.0,751.28333333333,12.0,2052.85,35.0,190.0,25.41,284.0,225.0,120.0,19.0,337.0,18.42,267.0,1346.0,17.0,1105.05,0.05429618569295507,1.465997013709787,0.48866567123659566,0.27148092846477534,0.6515542283154608,10.316275281661463,1.3796660784579884,15.42011673679924,12.216641780914891,6.515542283154609,18.29781457852586,1.0316275281661464,14.497081580019003,73.08266594271753,9.23,144.0,2.2264993546484035,23.25,22.26,17.99,27.24,Inside Range,0.07058111462289712,-0.07416545828212395,-0.19492590826479922,0.20069131189620404,2024-2026
78,8476456,Jonathan Huberdeau,L,131,38,49,1,1130.1992500000001,CGY,8.0,485.91666666667,4.0,906.1,19.0,2489.4666666667,38.0,237.0,34.36,335.0,279.0,149.0,35.0,432.0,16.03,450.0,1331.0,23.0,1392.01666666667,0.04310293219669294,2.112043677637954,0.34482345757354355,0.17241172878677177,0.8189557117371659,10.215394930616227,1.4810167502783695,14.439482285892137,12.025718082877331,6.4223368973072485,18.62046670897135,1.508602626884253,19.396319488511825,57.3700027537983,9.91,114.0,2.2234519153696146,23.9,22.23,19.39,28.52,Inside Range,-0.043691969646813655,0.014404830694168785,-0.10273195988002859,0.13115271952606267,2024-2026
400,8482476,Emil Heineman,L,144,32,17,0,840.2478,NYI,4.0,369.5,5.0,761.65,9.0,2068.8333333333,32.0,237.0,28.74,369.0,272.0,91.0,41.0,486.0,13.5,241.0,1323.0,14.0,1131.15,0.0,0.9017371701365865,0.2121734517968439,0.26521681474605485,0.4773902665428988,12.571277018963002,1.5244662511603235,19.57300092825885,14.427794722185384,4.826946028378199,25.779074393316534,2.1747778809176497,12.783450470759846,70.17636918180612,7.43,218.0,2.222265140435952,21.32,22.22,15.61,25.08,Inside Range,0.0792071215843222,-0.19449716240294898,0.005665882134676836,0.10757100444367906,2024-2026
17,8474141,Patrick Kane,R,139,37,79,2,1070.2401,DET,9.0,469.95,7.0,858.41666666667,11.0,2480.1,37.0,344.0,36.57,499.0,321.0,103.0,56.0,648.0,10.76,337.0,1447.0,18.0,1328.36666666667,0.0903365034754458,3.5682918872801093,0.4065142656395061,0.31617776216406035,0.496850769114952,15.537878597776679,1.6518029660485267,22.53895761712373,14.499008807809052,4.652329928985459,29.269027126044445,2.529422097312483,15.22170083561262,65.35846026448505,8.13,188.0,2.2217892721931545,22.12,22.22,13.69,22.6,Inside Range,-0.008804478443523805,0.15096054992853822,0.005955101060672596,-0.15064019502875453,2024-2026
481,8484984,Ivan Demidov,R,84,20,44,0,876.1768,MTL,5.0,254.4,7.0,486.83333333333,5.0,1298.25,20.0,132.0,15.85,216.0,144.0,48.0,19.0,292.0,15.15,179.0,784.0,12.0,741.23333333333,0.0,3.5616315150425124,0.40473085398210373,0.5666231955749451,0.40473085398210373,10.684894545127538,1.2829968071232687,17.48437289202688,11.656248594684586,3.885416198228196,23.636281872554854,1.537977245131994,14.489364572559312,63.46179790439386,9.71,124.0,2.2213085616065653,23.71,22.21,15.35,23.78,Inside Range,-0.10247787850877046,0.15638725931182015,-0.11167221121119417,0.054753097338484435,2024-2026
384,8482145,Mavrik Bourque,C,155,31,35,0,845.11805,DAL,5.0,366.56666666667,5.0,809.58333333333,11.0,2195.8333333333,31.0,227.0,31.72,323.0,248.0,135.0,50.0,400.0,13.66,232.0,1540.0,16.0,1176.15,0.0,1.785486545083535,0.255069506440505,0.255069506440505,0.561152914169111,11.580155592398928,1.6181609488585638,16.47749011605662,12.651447519449048,6.886876673893635,20.405560515240403,2.5506950644050503,11.835225098839434,78.56140798367555,8.16,184.0,2.221269303527645,22.15,22.21,17.53,26.0,Inside Range,-0.10137792493685811,-0.034682830024768324,0.03702429893434772,0.09598746487869869,2024-2026
48,8475745,Charlie Coyle,C,165,37,56,0,1052.6624000000002,CBJ,12.0,524.6,5.0,992.06666666667,13.0,2894.2666666667,37.0,257.0,39.98,382.0,300.0,168.0,61.0,470.0,14.4,323.0,1530.0,18.0,1516.6666666666702,0.0,2.21538461538461,0.4747252747252737,0.19780219780219735,0.514285714285713,10.167032967032943,1.5816263736263698,15.112087912087876,11.86813186813184,6.6461538461538305,18.593406593406552,2.4131868131868077,12.778021978021949,60.52747252747239,7.12,232.0,2.220716353464468,20.94,22.21,16.16,25.26,Inside Range,-0.15981334021941115,0.022036197430828436,0.02022126556957965,0.11395393600724457,2024-2026
173,8478020,Michael Amadio,R,153,26,36,0,906.4861000000001,OTT,6.0,325.78333333333,6.0,804.86666666667,5.0,2320.6333333333,26.0,181.0,27.94,277.0,229.0,129.0,44.0,349.0,14.36,248.0,1758.0,11.0,1130.65,0.0,1.9104055189492768,0.31840091982487945,0.31840091982487945,0.2653340998540662,9.605094414717197,1.482686949984522,14.699509131915269,12.152301773316234,6.8456197762349085,18.52032016981382,2.334940078715783,13.160571352761686,93.29146950868969,5.84,291.0,2.2174868151765557,19.23,22.17,16.04,24.77,Inside Range,-0.12311565414849741,-0.016129616739717745,0.01427828155843891,0.11813550983010657,2024-2026
375,8482109,Alexis Lafrenière,L,164,41,61,0,1038.1158,NYR,6.0,648.5,3.0,960.8,15.0,2837.5166666667,41.0,315.0,41.69,501.0,368.0,181.0,47.0,631.0,13.02,446.0,1858.0,18.0,1609.3,0.0,2.2742807431802645,0.2236997452308457,0.11184987261542285,0.5592493630771143,11.7442366246194,1.5543403964456597,18.67892872677562,13.720251040825204,6.748275647797179,23.52575654011061,1.7523146709749582,16.628347728826196,69.27235443981856,6.71,249.0,2.216361297218797,20.43,22.16,15.76,24.72,Inside Range,0.043030642997421736,0.032303604065080066,-0.07365261507433182,-0.00963862944559557,2024-2026
404,8482665,Matty Beniers,C,164,40,53,1,1138.9328500000001,SEA,6.0,651.98333333333,11.0,1079.7166666667,9.0,3113.0833333333,40.0,295.0,42.61,494.0,396.0,166.0,48.0,642.0,13.56,394.0,1584.0,20.0,1731.7000000000298,0.034648033724085564,1.8363457873765348,0.20788820234451336,0.3811283709649412,0.31183230351677005,10.22116994860524,1.4763527169832857,17.11612865969827,13.720621354737883,5.7515735981982035,22.24403765086293,1.6631056187561069,13.651325287289712,54.88248541895153,6.93,237.0,2.214506565687431,20.71,22.15,12.2,21.57,Inside Range,0.06412820299552946,-0.02274291465969852,-0.08130211431189133,0.030105096987268376,2024-2026
140,8477497,Sean Monahan,C,132,32,61,0,1084.18795,CBJ,5.0,429.4,6.0,835.08333333333,6.0,2362.5333333333,32.0,259.0,38.56,349.0,272.0,152.0,51.0,436.0,12.36,346.0,1164.0,12.0,1264.48333333333,0.0,2.894462824078353,0.2372510511539634,0.2847012613847561,0.2847012613847561,12.289604449775304,1.8296801064993657,16.560123370546645,12.906457182775608,7.212431955080487,20.68829166062561,2.4199607217704266,16.417772739854264,55.232044708642675,5.69,303.0,2.2101583168113628,19.01,22.1,17.65,26.88,Inside Range,-0.09286855411268483,0.09427026713983147,0.007156020235551397,-0.022717711127559603,2024-2026
269,8480012,Elias Pettersson,C,138,30,66,0,1128.65705,VAN,3.0,546.05,7.0,915.55,9.0,2597.4166666667,30.0,241.0,35.91,408.0,322.0,125.0,50.0,544.0,12.45,347.0,1403.0,16.0,1461.6,0.0,2.70935960591133,0.12315270935960591,0.2873563218390805,0.3694581280788177,9.893267651888342,1.4741379310344829,16.748768472906402,13.218390804597703,5.1313628899835795,22.33169129720854,2.052545155993432,14.24466338259442,57.5944170771757,6.57,260.0,2.2016307034977407,20.24,22.02,16.25,25.76,Inside Range,-0.03184607600554287,0.07839375919371724,-0.03583473098577028,-0.03340054338088699,2024-2026
293,8480748,Kiefer Sherwood,L,150,42,34,2,964.64525,"VAN,SJS",4.0,479.21666666667,13.0,897.01666666667,11.0,2404.4833333333,42.0,313.0,33.86,493.0,300.0,129.0,51.0,636.0,13.42,231.0,1437.0,24.0,1376.23333333334,0.08719451643374386,1.4823067793736457,0.17438903286748772,0.566764356819335,0.4795698403855912,13.645941821880914,1.4762031632232837,21.493448300917862,13.07917746506158,5.624046309976479,27.727856225930548,2.223460169060468,10.070966648097416,62.64926005764496,10.46,95.0,2.1971614573810414,24.39,21.97,15.55,24.79,Inside Range,-0.03142105870701245,-0.07856205339576555,0.0030881101045988624,0.07973816470299644,2024-2026
403,8482660,Kent Johnson,C,144,31,48,0,916.03325,CBJ,12.0,375.25,5.0,790.78333333333,8.0,2182.2666666667,31.0,236.0,25.01,348.0,247.0,86.0,38.0,491.0,13.14,304.0,1270.0,13.0,1166.0333333333301,0.0,2.4699122380721032,0.6174780595180258,0.2572825247991774,0.41165203967868386,12.143735170521174,1.2869271890454854,17.906863726022745,12.709756725079364,4.425259426545852,25.26514393527922,1.9553471884737483,15.642777507789987,65.34976129899107,6.69,250.0,2.1932986653543978,20.4,21.93,16.69,25.47,Inside Range,-0.0526252989077049,0.054456964561659466,-0.043835732201749245,0.010984437225968091,2024-2026
318,8481032,Paul Cotter,L,158,25,12,1,712.6835,NJD,6.0,315.91666666667,3.0,667.58333333333,9.0,1876.7333333333,25.0,151.0,21.05,252.0,193.0,92.0,36.0,346.0,16.56,253.0,1549.0,12.0,983.5,0.061006609049313675,0.7320793085917641,0.36603965429588203,0.18301982714794102,0.5490594814438231,9.211997966446365,1.284189120488053,15.373665480427047,11.774275546517538,5.612608032536858,21.108286731062535,2.1962379257752924,15.434672089476361,94.4992374173869,7.32,225.0,2.1908738831294476,21.19,21.91,17.49,25.92,Inside Range,-0.10017311906847545,-0.23589529237451373,0.02376572278979633,0.27885827710641464,2024-2026
437,8483493,Frank Nazar,C,119,27,40,2,1025.73995,CHI,2.0,388.16666666667,3.0,789.25,15.0,2050.3,27.0,229.0,33.08,353.0,287.0,137.0,36.0,438.0,11.79,235.0,1155.0,18.0,1177.41666666667,0.10191804090876891,2.038360818175378,0.10191804090876891,0.15287706136315338,0.7643853068157669,11.669615684054042,1.6857243966310378,17.988534220397714,14.62523887040834,6.981385802250671,22.320050959020392,1.8345247363578405,11.975369806780348,58.857668624814046,9.17,146.0,2.190046334461739,23.19,21.9,19.19,28.48,Inside Range,0.09633404487795744,0.004206328395731068,-0.06336698632566173,-0.07144534716250972,2024-2026
183,8478233,Andrew Mangiapane,L,143,22,22,0,765.3223499999999,"EDM,CHI",10.0,330.85,4.0,635.06666666667,3.0,1829.1666666667,22.0,153.0,22.18,235.0,213.0,116.0,25.0,314.0,14.38,237.0,1325.0,7.0,965.91666666667,0.0,1.3665775170390773,0.6211715986541261,0.24846863946165038,0.18635147959623782,9.503925459408128,1.3777586058148517,14.597532568371962,13.230955051332884,7.205590544387863,19.504788197739558,1.552928996635315,14.721766888102787,82.3052368216717,4.35,351.0,2.1899431908986546,16.77,21.9,16.68,25.78,Inside Range,0.06061362595048822,-0.09407327266936516,-0.09031159650864554,0.08939613944995328,2024-2026
70,8476399,Blake Coleman,L,151,35,39,0,1050.40495,CGY,6.0,482.26666666667,6.0,959.31666666667,10.0,2645.8333333333,35.0,370.0,49.03,535.0,427.0,223.0,64.0,688.0,9.46,247.0,1449.0,16.0,1441.58333333334,0.0,1.6232152147522902,0.24972541765419848,0.24972541765419848,0.41620902942366417,15.399734088675572,2.040672871264225,22.267183074166034,17.77212555639046,9.28146135614771,28.635181224348095,2.6637377883114506,10.280363026764505,60.30868836348893,6.66,251.0,2.186884764697795,20.36,21.87,17.04,25.79,Inside Range,0.18959348412068577,-0.05821670026426032,0.030040783770932444,-0.1988510976057815,2024-2026
109,8476981,Josh Anderson,R,153,29,21,0,850.26,MTL,3.0,375.01666666667,3.0,816.36666666667,10.0,2169.5,29.0,198.0,31.23,306.0,254.0,125.0,38.0,382.0,14.65,199.0,1358.0,13.0,1191.38333333334,0.0,1.0575941132856703,0.15108487332652434,0.15108487332652434,0.5036162444217478,9.971601639550606,1.5727935313291184,15.41065707930548,12.791852608312393,6.295203055271847,19.238140536910766,1.9137417288026417,10.021963263992781,68.39108599247335,6.55,261.0,2.186058424765231,20.22,21.86,15.66,24.57,Inside Range,-0.005068962175781316,-0.15586312503767102,-0.026597667881738618,0.1492698851841977,2024-2026
377,8482113,Anton Lundell,C,143,35,54,0,1075.9359,FLA,8.0,450.93333333333,11.0,855.71666666667,7.0,2546.0166666667,35.0,296.0,38.19,457.0,302.0,145.0,43.0,598.0,11.82,338.0,1372.0,18.0,1306.65,0.0,2.4796234645850075,0.36735162438296404,0.5051084835265756,0.3214326713350935,13.59201010216967,1.7536448168981746,20.98496154287682,13.867523820456892,6.658248191941223,27.459533922626562,1.9745149810584315,15.52060613018023,63.00080358167833,8.27,177.0,2.1857294522202366,22.27,21.86,15.14,24.36,Inside Range,0.024985336420745075,0.05557507597578562,-0.04697494685156328,-0.07217430800095292,2024-2026
89,8476539,Jonathan Marchessault,R,140,33,54,1,1040.52535,NSH,6.0,493.48333333333,3.0,864.08333333333,12.0,2438.05,33.0,338.0,42.73,480.0,359.0,167.0,64.0,647.0,9.76,360.0,1492.0,15.0,1357.56666666666,0.044196724531637706,2.386623124708436,0.26518034718982625,0.13259017359491312,0.5303606943796525,14.938492891693546,1.888526039236879,21.2144277751861,15.866624106857936,7.380852996783497,28.595280771969595,2.828590370024813,15.910820831389575,65.94151300120346,6.63,254.0,2.1848433703644203,20.32,21.85,15.83,24.55,Inside Range,0.0661965168478103,0.041203243055006084,0.040532995680634176,-0.18740767989525076,2024-2026
460,8484145,Zach Benson,L,140,23,48,0,921.19945,BUF,4.0,382.0,3.0,685.9,9.0,2144.0833333333,23.0,236.0,37.46,347.0,284.0,197.0,44.0,405.0,9.75,294.0,1333.0,12.0,1067.9,0.0,2.6968817304991104,0.2247401442082592,0.1685551081561944,0.5056653244685831,13.259668508287293,2.104691450510347,19.496207510066483,15.956550238786402,11.068452102256765,22.754939601086242,2.4721415862908507,16.51840059930705,74.89465305740237,6.74,247.0,2.180633508171069,20.46,21.81,15.11,23.96,Inside Range,0.09439231370746293,0.07575278387303533,0.0011766312773039966,-0.21500651536295334,2024-2026
205,8478463,Anthony Beauvillier,R,163,30,23,0,860.1368,WSH,2.0,480.16666666667,5.0,763.88333333333,14.0,2338.1666666667,30.0,304.0,38.43,438.0,363.0,187.0,54.0,545.0,9.87,330.0,1654.0,19.0,1244.05,0.0,1.109280173626462,0.09645914553273582,0.24114786383183956,0.6752140187291508,14.661790120975846,1.8534624814115188,21.124552871669145,17.507334914191553,9.0189301073108,26.285117157670513,2.604396929383867,15.915759012901413,79.77171335557253,9.16,148.0,2.1737291064472632,23.18,21.74,13.62,22.96,Outside Range,0.19893780362054186,-0.1484554358623659,0.03451786797824641,-0.1355894239653781,2024-2026
204,8478462,Nicolas Roy,C,145,23,33,0,890.31895,"TOR,COL",6.0,324.56666666667,3.0,761.56666666667,9.0,2150.4666666667,23.0,183.0,27.33,271.0,248.0,141.0,32.0,346.0,12.57,196.0,1342.0,12.0,1086.13333333334,0.0,1.822980603977401,0.331451018904982,0.165725509452491,0.497176528357473,10.10925607660195,1.509759391112193,14.970537687208354,13.699975448072589,7.789098944267078,19.11367542352063,1.7677387674932372,10.827399950896078,74.13454456174765,6.63,255.0,2.17325691241607,20.32,21.73,14.05,23.1,Inside Range,0.052834462403475196,-0.023196938935719558,-0.06698582307055329,-0.01371308265735438,2024-2026
291,8480448,Parker Kelly,C,162,29,25,0,763.39175,COL,5.0,338.26666666667,5.0,676.96666666667,6.0,2061.1166666667,29.0,202.0,23.05,311.0,216.0,98.0,26.0,412.0,14.36,186.0,1552.0,11.0,1015.2333333333399,0.0,1.4774928587845064,0.29549857175690125,0.29549857175690125,0.35459828610828154,11.93814229897881,1.3622484157993149,18.38001116327926,12.765538299898134,5.791772006435265,24.349082312768665,1.5365925731358865,10.992546869356726,91.72275667334216,6.5,265.0,2.1697278802992335,20.15,21.7,16.9,26.06,Inside Range,0.02814758718655641,-0.07390593176586571,-0.0941090933707644,0.08527702357308364,2024-2026
252,8479619,Michael Carcone,L,132,23,27,0,724.75,UTA,2.0,305.63333333333,3.0,579.58333333333,9.0,1611.25,23.0,222.0,24.79,358.0,213.0,99.0,49.0,498.0,10.36,234.0,1227.0,12.0,885.2166666666599,0.0,1.8300604371811184,0.13556003238378656,0.20334004857567983,0.6100201457270396,15.047163594600308,1.6802666013970344,24.265245796697794,14.437143448873268,6.710221602997434,33.754448063562855,3.321220793402771,15.860523788903025,83.16607986745305,8.13,187.0,2.165315247448656,22.12,21.65,13.36,22.1,Outside Range,-0.0356572622399291,-0.028731374454148167,0.09439242018072458,-0.08900683071421356,2024-2026
281,8480113,Alex Iafallo,L,161,28,32,0,866.2027499999999,WPG,7.0,382.15,4.0,810.41666666667,11.0,2320.6833333333,28.0,222.0,33.68,324.0,263.0,164.0,41.0,392.0,12.61,292.0,1376.0,15.0,1192.56666666667,0.0,1.6099728876093535,0.35218156916454607,0.2012466109511692,0.5534281801157152,11.16918690778989,1.6944964642088445,16.300975487044703,13.231964670039373,8.251111048997936,19.72216787321458,2.062777762249484,14.691002599435349,69.22883416720221,7.55,209.0,2.1622639165823605,21.46,21.62,16.96,25.75,Inside Range,-0.005696618301855777,-0.055598657202471174,-0.021345908857105134,0.020586806267569813,2024-2026
58,8475798,Mikael Granlund,C,141,41,66,3,1158.70945,ANA,4.0,577.8,8.0,937.58333333333,14.0,2726.4166666667,41.0,286.0,36.02,423.0,276.0,118.0,55.0,547.0,14.34,288.0,1347.0,22.0,1515.38333333333,0.11878182638056403,2.6132001803724085,0.15837576850741872,0.31675153701483744,0.5543151897759655,11.323867448280438,1.4261737954093054,16.74823751965953,10.927928027011891,4.672085170968852,21.65788634338951,2.1776668169770073,11.403055332534148,53.33304004487325,8.71,167.0,2.1582477022291773,22.73,21.58,15.39,24.31,Inside Range,-0.22280437907647316,0.07062559139581961,-0.009419580342101885,0.09552777557570669,2024-2026
371,8482092,Ridly Greig,C,155,26,43,0,1013.2090499999999,OTT,4.0,375.93333333333,4.0,876.68333333333,9.0,2617.65,26.0,247.0,37.12,381.0,290.0,169.0,65.0,483.0,10.53,336.0,1664.0,13.0,1252.61666666666,0.0,2.0596883856460586,0.1915989195949822,0.1915989195949822,0.43109756908870994,11.831233284990152,1.7780379738414347,18.249797091422057,13.890921670636208,8.095054352887999,23.1355695410941,3.113482443418461,16.094309245978504,79.7051505515126,6.23,279.0,2.1534514575919035,19.78,21.53,15.6,24.48,Inside Range,-0.06034984066918664,0.003172319160268139,0.07581282531352673,-0.08950214088892666,2024-2026
264,8479996,Cody Glass,C,135,25,23,0,818.08345,NJD,6.0,393.68333333333,2.0,697.38333333333,12.0,1840.5833333333,25.0,196.0,24.21,285.0,238.0,103.0,39.0,367.0,12.76,264.0,1277.0,14.0,1091.06666666666,0.0,1.2648173041671835,0.3299523402175261,0.10998411340584205,0.6599046804350522,10.77844311377252,1.3313576927777182,15.672736160332493,13.088109495295203,5.664181840400866,20.182084809972018,2.14469021141392,14.51790296957115,70.22485640963015,7.7,202.0,2.146725722250898,21.63,21.47,17.85,27.12,Inside Range,-0.012834675893089953,-0.11384081272655583,-0.004686013419475277,0.053768929613796645,2024-2026
59,8475799,Nino Niederreiter,R,143,25,31,0,858.6347000000001,WPG,7.0,333.83333333333,5.0,717.83333333333,5.0,2057.7833333333,25.0,234.0,35.31,339.0,251.0,164.0,46.0,421.0,10.68,204.0,1287.0,10.0,1051.66666666666,0.0,1.7686212361331333,0.3993660855784495,0.2852614896988925,0.2852614896988925,13.350237717908168,2.014516640253579,19.34072900158491,14.320126782884403,9.356576862123672,24.019017432646745,2.624405705229811,11.638668779714813,73.42630744849492,5.71,302.0,2.1455939221921394,19.04,21.46,15.53,24.2,Inside Range,0.010399130402841433,-0.03389319869537735,0.03354102501240086,-0.08877132920394715,2024-2026
71,8476419,Jean-Gabriel Pageau,C,153,31,46,2,979.8839,NYI,5.0,472.95,8.0,885.38333333333,7.0,2502.0333333333,31.0,202.0,32.7,309.0,250.0,138.0,36.0,382.0,15.35,294.0,1465.0,15.0,1358.33333333333,0.0883435582822088,2.0319018404908022,0.220858895705522,0.3533742331288352,0.3092024539877308,8.922699386503089,1.444417177914114,13.64907975460126,11.0429447852761,6.095705521472407,16.87361963190188,1.5901840490797585,12.986503067484692,64.71165644171795,6.63,258.0,2.138711065005885,20.32,21.39,14.04,22.6,Inside Range,-0.13130816256546093,0.008210295327344158,-0.08643923731656328,0.12392987488433971,2024-2026
364,8482074,Connor Zary,C,128,25,27,2,913.2897499999999,CGY,5.0,357.4,3.0,721.85,10.0,1931.3,25.0,221.0,28.99,314.0,248.0,130.0,44.0,406.0,11.31,231.0,1274.0,13.0,1079.25,0.11118832522585129,1.5010423905489925,0.27797081306462823,0.16678248783877692,0.5559416261292565,12.286309937456567,1.6116747741487143,17.456567060458653,13.787352328005559,7.227241139680334,22.57123002084781,2.4461431549687283,12.842251563585824,70.82696316886727,7.23,228.0,2.135561892843235,21.08,21.36,14.94,24.33,Inside Range,-0.0003160243360420534,-0.07353883107815423,0.02146102667888805,-0.036362573097678375,2024-2026
405,8482667,William Eklund,L,155,32,79,2,1142.82175,SJS,5.0,590.76666666667,5.0,1023.1,12.0,2951.7833333333,32.0,328.0,45.15,492.0,385.0,192.0,72.0,658.0,9.76,272.0,1534.0,17.0,1613.86666666667,0.0743555849306013,2.9370456047587514,0.18588896232650326,0.18588896232650326,0.4461335095836078,12.194315928618614,1.6785773298083242,18.291473892927918,14.31345009914075,7.138136153337725,24.46298744216783,2.6768010575016468,10.112359550561777,57.0307336417712,6.32,273.0,2.131025492263618,19.91,21.31,15.07,23.71,Inside Range,-0.01638617890255145,0.10092027914630733,0.022921507416296782,-0.20074841007265537,2024-2026
335,8481553,Bobby Brink,R,147,27,44,0,899.70345,"PHI,MIN",4.0,444.08333333333,5.0,771.83333333333,11.0,2202.4666666667,27.0,209.0,30.07,320.0,249.0,116.0,34.0,419.0,12.92,236.0,1487.0,16.0,1215.91666666666,0.0,2.1712014255363012,0.1973819477760274,0.24672743472003428,0.5428003563840753,10.313206771297432,1.483818792406286,15.790555822082194,12.287026249057707,5.724076485504795,20.675759029538874,1.677746556096233,11.645534918785618,73.3767390857382,7.9,195.0,2.124692263832737,21.86,21.25,15.98,25.09,Inside Range,-0.04046127706518282,0.02540653564530662,-0.0817640239006246,-0.0028072655229853805,2024-2026
321,8481068,Yegor Sharangovich,C,151,32,29,0,981.06705,CGY,8.0,463.06666666667,4.0,879.85,10.0,2467.4833333333,32.0,270.0,33.71,423.0,293.0,122.0,56.0,592.0,11.85,307.0,1547.0,14.0,1342.9166666666702,0.0,1.2956872479056745,0.35743096493949644,0.17871548246974822,0.44678870617437055,12.063295066708005,1.506124728513803,18.899162271175875,13.090909090909056,5.450822215327321,26.449891405522738,2.502016754576475,13.716413279553176,69.11821284517512,6.26,277.0,2.122200447615965,19.82,21.22,16.49,25.25,Inside Range,-0.04495462694164634,-0.10855647860385739,0.03374674870139055,0.01764650978385618,2024-2026
34,8475191,Reilly Smith,R,148,29,37,2,873.7215,VGK,6.0,467.15,5.0,684.48333333333,9.0,2163.9666666667,29.0,224.0,25.54,310.0,231.0,105.0,37.0,377.0,12.95,248.0,1426.0,14.0,1151.63333333333,0.104199832122493,1.9276968942661203,0.31259949636747897,0.2604995803062325,0.4688992445512185,11.670381197719216,1.3306318562042354,16.150973978986414,12.03508061014794,5.470491186430881,19.641668355089926,1.9276968942661203,12.920779183189131,74.2944803033375,7.29,226.0,2.119848235252724,21.15,21.2,15.72,24.53,Inside Range,-0.08455669731340257,-0.006800976610918524,-0.04061944338677864,0.027507057887600328,2024-2026
309,8480855,Jack McBain,C,157,22,30,0,822.5889999999999,UTA,3.0,367.58333333333,7.0,778.0,6.0,2151.4833333333,22.0,196.0,32.4,313.0,252.0,153.0,50.0,403.0,11.22,293.0,1542.0,13.0,1145.58333333333,0.0,1.5712519095075332,0.15712519095075334,0.3666254455517578,0.31425038190150667,10.265512475449219,1.696952062268136,16.3933949225286,13.19851603986328,8.01338473848842,21.107150651051196,2.6187531825125556,15.345893649523576,80.76234814868722,6.81,242.0,2.1141837712411506,20.55,21.14,15.06,24.58,Inside Range,-0.05475121267274935,-0.06180639186137246,0.039498529632396084,-0.03307544853334532,2024-2026
169,8477989,Christian Dvorak,C,162,30,54,0,1011.0922,PHI,5.0,517.51666666667,5.0,1015.0,6.0,2726.75,30.0,255.0,42.54,392.0,315.0,185.0,60.0,485.0,11.76,292.0,1553.0,11.0,1532.51666666667,0.0,2.114169503322417,0.1957564354928164,0.1957564354928164,0.23490772259137965,9.983578210133636,1.6654957531728818,15.347304542636804,12.332655436047432,7.242988113234206,18.98837424280319,2.3490772259137964,11.432175832780477,60.80194886406877,4.31,354.0,2.1108566523905887,16.7,21.11,16.31,25.0,Inside Range,-0.1073335399276007,0.015455882242035396,0.006568617138734245,-0.028152601738802907,2024-2026
268,8480009,Eeli Tolvanen,R,159,35,36,0,910.8615500000001,SEA,5.0,482.36666666667,5.0,854.68333333333,10.0,2411.2,35.0,278.0,30.96,427.0,289.0,106.0,35.0,577.0,12.59,302.0,1547.0,15.0,1337.05,0.0,1.6154968026625782,0.22437455592535807,0.22437455592535807,0.44874911185071614,12.47522530944991,1.3893272502898173,19.16158707602558,12.968849332485698,4.7567405856175915,25.892823753786324,1.5706218914775065,13.552223177891626,69.42148760330579,6.73,248.0,2.1091398638685472,20.45,21.09,14.38,23.22,Inside Range,0.03851765414021807,-0.04906101943566757,-0.09481564950436916,-0.009819416007855852,2024-2026
256,8479675,Trevor Moore,L,140,31,41,1,1008.17215,LAK,5.0,334.5,1.0,916.41666666667,10.0,2352.55,31.0,312.0,36.7,482.0,294.0,140.0,61.0,617.0,9.94,267.0,1319.0,11.0,1250.9166666666702,0.0479648257944173,1.9665578575711091,0.23982412897208646,0.0479648257944173,0.47964825794417293,14.965025647858196,1.7603091066551149,23.119046032909136,14.101658783558683,6.715075611218421,29.59429751515547,2.9258543734594546,12.806608487109418,63.26560522283641,5.28,317.0,2.1085896009834704,18.37,21.09,16.53,25.53,Inside Range,-0.02844077710801929,-0.005963963401091926,0.057835373884139174,-0.13915932706777823,2024-2026
111,8477015,Connor Brown,R,157,31,42,1,946.8193,NJD,10.0,473.45,5.0,864.56666666667,8.0,2465.1166666667,31.0,239.0,34.75,361.0,272.0,147.0,37.0,430.0,12.97,251.0,1450.0,13.0,1338.01666666667,0.04484249075123617,1.8833846115519193,0.4484249075123617,0.22421245375618085,0.35873992600988935,10.717355289545445,1.5582765536054568,16.188139161196254,12.197157484336238,6.591846140431716,19.28227102303155,1.6591721577957381,11.255465178560279,65.02161158929245,5.83,292.0,2.1070046726157585,19.21,21.07,17.66,26.82,Inside Range,-0.03736979660098769,-0.010543796865963379,-0.081001177050402,0.01160114845688831,2024-2026
315,8481013,Jonatan Berggren,R,126,20,26,0,803.9701500000001,"DET,STL",1.0,270.25,3.0,595.36666666667,14.0,1678.2,20.0,146.0,17.8,232.0,163.0,53.0,28.0,311.0,13.7,242.0,1215.0,17.0,865.61666666667,0.0,1.8021834145214326,0.06931474671236279,0.20794424013708837,0.970406453973079,10.119953020004967,1.2338024914800576,16.081021237268168,11.298303714115136,3.6736815757552277,21.556886227544826,1.940812907946158,16.774168704391794,84.21741725552079,11.78,51.0,2.103766893607096,25.48,21.04,12.88,22.28,Outside Range,-0.14364664920728532,-0.023165687799061224,-0.03366860144266681,0.07992953737988517,2024-2026
361,8482055,Drew O'Connor,L,166,27,27,1,871.5457,VAN,3.0,481.43333333333,8.0,850.81666666667,7.0,2411.15,27.0,253.0,40.54,407.0,309.0,192.0,61.0,516.0,10.67,288.0,1699.0,15.0,1332.25,0.04503659223118784,1.2159879902420718,0.13510977669356353,0.3602927378495027,0.3152561456183149,11.394257834490524,1.825783449052355,18.329893038093452,13.916306999437044,8.647025708388066,23.238881591292927,2.747232126102458,12.970538562582098,76.51717020078814,6.76,246.0,2.0993536156022063,20.49,20.99,16.15,24.94,Inside Range,-0.0055512292027383725,-0.12353399260881018,0.05504462492639833,-0.05092408218886468,2024-2026
4,8471685,Anze Kopitar,C,148,33,72,0,1142.31455,LAK,7.0,477.76666666667,10.0,1106.6833333333,12.0,2816.55,33.0,199.0,33.54,308.0,261.0,153.0,35.0,409.0,16.58,364.0,1462.0,22.0,1584.44999999997,0.0,2.7264981539335933,0.26507620941021043,0.3786802991574435,0.45441635898893223,7.5357379532331255,1.2700937233740655,11.66335321404926,9.883555808009275,5.793808577108885,15.488024235539438,1.325381047051052,13.783962889330944,55.363059736818236,8.33,175.0,2.098742892933182,22.33,20.99,17.51,26.13,Inside Range,-0.21902293253550856,0.09081425064454515,-0.13801676423681594,0.14065004438473538,2024-2026
68,8476392,Adam Lowry,C,143,21,34,1,911.99215,WPG,4.0,376.15,1.0,772.28333333333,9.0,2174.2666666667,21.0,170.0,28.24,289.0,230.0,131.0,39.0,356.0,12.35,222.0,1316.0,10.0,1148.43333333333,0.05224508751052173,1.776332975357739,0.20898035004208693,0.05224508751052173,0.4702057875946956,8.881664876788694,1.4754012712971336,15.09883029054078,12.016370127419998,6.844106463878347,18.599251153745737,2.0375584129103474,11.598409427335824,68.75453516384661,5.22,319.0,2.0883840727540486,18.28,20.88,14.55,23.26,Inside Range,-0.09213410487238215,-0.02675561801458129,-0.025202108288521985,0.008157609253310882,2024-2026
299,8480802,Ryan McLeod,C,160,34,73,0,1033.1494,BUF,8.0,481.91666666667,5.0,868.7,8.0,2755.8166666667,34.0,188.0,27.26,292.0,207.0,97.0,26.0,379.0,18.09,339.0,1595.0,13.0,1350.61666666667,0.0,3.242963090933763,0.35539321544479596,0.22212075965299746,0.35539321544479596,8.351740562952704,1.2110023816281423,12.971852363735051,9.195799449634096,4.309142737268151,16.83675358169721,1.155027950195587,15.05978750447323,70.8565223293062,5.78,299.0,2.084893484356673,19.14,20.85,14.49,23.47,Inside Range,-0.277669579114733,0.14090983513650632,-0.17555312773890377,0.1728880613975763,2024-2026
336,8481554,Kaapo Kakko,R,144,27,57,0,896.2103500000001,SEA,3.0,468.41666666667,4.0,690.5,11.0,2160.4166666667,27.0,195.0,24.85,295.0,192.0,101.0,42.0,392.0,13.85,370.0,1402.0,15.0,1158.91666666667,0.0,2.9510318544617733,0.15531746602430388,0.20708995469907182,0.5694973754224476,10.095635291579752,1.2865463435679838,15.272884159056545,9.940317825555448,5.229021356151564,20.29481556050904,2.174444524340254,19.155820809664142,72.58502912202468,7.77,200.0,2.0737119061211997,21.71,20.74,15.15,24.3,Inside Range,-0.32202771546807235,0.10828091355464473,-0.011273248871206343,0.07441366222960755,2024-2026
296,8480797,Joel Farabee,L,163,31,32,0,954.9194500000001,CGY,10.0,466.78333333333,3.0,891.98333333333,9.0,2595.2,31.0,293.0,35.78,398.0,302.0,158.0,57.0,502.0,10.58,378.0,1633.0,12.0,1358.76666666666,0.0,1.4130461447881726,0.44157692024630396,0.1324730760738912,0.3974192282216735,12.938203763216706,1.5799622206412756,17.574761425802897,13.33562299143838,6.976915339891602,22.167161396364456,2.516988445403933,16.691607585310287,72.10951107622142,5.3,316.0,2.06528464393146,18.41,20.65,15.13,24.44,Inside Range,-0.028861978284187018,-0.08498345688217523,0.028970037832357576,-0.07415825341075644,2024-2026
354,8481711,Matias Maccelli,L,126,22,35,0,848.79815,TOR,5.0,322.35,4.0,692.95,11.0,1789.1666666667,22.0,176.0,21.67,282.0,187.0,80.0,37.0,376.0,12.5,246.0,1224.0,15.0,1015.3000000000001,0.0,2.0683541810302373,0.29547916871860536,0.23638333497488423,0.6500541711809318,10.400866738894909,1.2806067172264357,16.66502511572934,11.050920910075838,4.727666699497686,22.22003348763912,2.1865458485176794,14.537575100955383,72.33330050231459,8.86,160.0,2.0584894428000746,22.88,20.58,13.98,22.49,Outside Range,-0.19444858092416187,0.013416495334428263,-0.007196159653848511,0.02239939336743335,2024-2026
434,8483464,Marco Kasper,C,158,28,28,1,877.35925,DET,6.0,421.01666666667,3.0,805.75,10.0,2307.0666666667,28.0,276.0,39.14,412.0,287.0,161.0,47.0,491.0,10.14,296.0,1544.0,13.0,1226.76666666667,0.04890905632692973,1.3694535771540326,0.29345433796157844,0.14672716898078922,0.4890905632692974,13.498899546232606,1.9143004646360298,20.15053120669505,14.036899165828833,7.874358068635687,24.014346656522502,2.2987256473656976,14.477080672771201,75.51558296877951,6.36,271.0,2.0536864238485864,19.96,20.54,15.67,24.57,Inside Range,0.03869230324844744,-0.09111640188692716,0.002499443065946294,-0.12070721525509986,2024-2026
217,8478856,Conor Garland,R,152,31,52,2,1075.3893,"VAN,CBJ",7.0,556.5,5.0,981.2,12.0,2731.6333333333,31.0,309.0,37.2,488.0,340.0,143.0,61.0,628.0,10.03,316.0,1483.0,17.0,1537.7,0.0780386291214151,2.0290043571567926,0.27313520192495283,0.19509657280353776,0.4682317747284906,12.056968199258632,1.451518501658321,19.041425505625284,13.266566950640566,5.5797619821811795,24.50412954412434,2.3801781882031605,12.330103401183585,57.8656434935293,6.63,253.0,2.048184237467892,20.32,20.48,13.43,22.01,Inside Range,-0.0360997932343623,0.0075506575463790415,0.0035897081033074985,-0.15117462962365275,2024-2026
278,8480068,Ryan Poehling,C,143,23,44,0,868.41705,ANA,4.0,395.63333333333,5.0,681.3,8.0,2073.8833333333,23.0,166.0,19.59,252.0,185.0,98.0,30.0,326.0,13.86,193.0,1350.0,13.0,1076.93333333333,0.0,2.451405224712153,0.22285502042837757,0.278568775535472,0.44571004085675514,9.24848334777767,1.0914324625479792,14.039866286987786,10.307044694812461,5.45994800049525,18.162684164912772,1.6714126532128317,10.752754735669217,75.21356939457743,7.24,227.0,2.0480591792642135,21.09,20.48,13.57,21.79,Inside Range,-0.2156717391227066,0.06199598139151666,-0.07874074062024744,0.056157382939426514,2024-2026
94,8476872,Scott Laughton,C,144,26,25,1,868.6375,"TOR,LAK",6.0,296.85,5.0,708.83333333333,10.0,2086.7,26.0,220.0,26.97,345.0,201.0,106.0,33.0,417.0,11.82,163.0,1461.0,15.0,1005.68333333333,0.05966092706451687,1.4915231766129216,0.3579655623871012,0.29830463532258433,0.5966092706451687,13.12540395419371,1.6090552029300198,20.583019837258316,11.99184633996789,6.324058268838788,24.87860658590353,1.9688105931290565,9.724731111516249,87.16461444125913,8.95,156.0,2.037370627661119,22.98,20.37,17.03,25.99,Inside Range,-0.07550907179599771,-0.06747778887142167,-0.03178775152747343,-0.012173054820210027,2024-2026
65,8476292,Ondrej Palat,L,157,20,23,0,797.2236,"NJD,NYI",4.0,330.85,2.0,796.01666666667,10.0,2084.6666666667,20.0,179.0,25.08,284.0,240.0,119.0,39.0,361.0,11.17,315.0,1633.0,12.0,1126.86666666667,0.0,1.2246346802342745,0.21297994438856946,0.10648997219428473,0.5324498609714235,9.530852511388483,1.3353842513163303,15.12157605158843,12.778796663314168,6.336153345559941,19.221439981068393,2.076554457788552,16.772170620599844,86.94906229663347,6.39,269.0,2.0344950295967124,20.0,20.34,14.18,22.97,Inside Range,-0.0185996290384981,-0.11539079187532669,-0.01656243784314554,-0.03927040632253842,2024-2026
36,8475220,Marcus Foligno,L,133,22,20,0,819.8181,MIN,5.0,327.88333333333,5.0,626.01666666667,5.0,1834.45,22.0,156.0,24.35,234.0,170.0,112.0,28.0,266.0,14.1,172.0,1133.0,10.0,953.8999999999999,0.0,1.257993500366915,0.31449837509172873,0.31449837509172873,0.31449837509172873,9.812349302861938,1.531607086696719,14.718523954292905,10.692944753118777,7.044763602054724,16.731313554879968,1.761190900513681,10.818744103155469,71.26533179578573,6.29,275.0,2.0340479579591273,19.87,20.34,16.3,25.89,Inside Range,-0.15832555973594292,-0.10679913573513089,-0.04922308857287794,0.12407744732685522,2024-2026
233,8479339,Patrik Laine,L,57,20,14,1,807.42115,MTL,5.0,144.95,1.0,314.85,9.0,807.01666666667,20.0,122.0,10.96,176.0,68.0,15.0,17.0,235.0,16.39,134.0,480.0,10.0,459.8,0.13049151805132667,1.8268812527185732,0.6524575902566333,0.13049151805132667,1.17442366246194,15.919965202261851,1.4301870378425403,22.966507177033492,8.873423227490212,1.9573727707699,30.665506742061766,2.218355806872553,17.485863418877774,62.6359286646368,13.05,28.0,2.034010437178494,26.43,20.34,13.33,22.78,Outside Range,-0.4317865622606666,-0.016936850851531238,0.014772425831691527,0.2436431297827727,2024-2026
349,8481624,Ilya Mikheyev,R,157,38,32,0,993.29325,CHI,6.0,478.0,5.0,941.43333333333,14.0,2596.4833333333,38.0,261.0,31.66,357.0,241.0,144.0,44.0,434.0,14.56,219.0,1527.0,19.0,1419.43333333333,0.0,1.3526524669469069,0.25362233755254504,0.2113519479604542,0.5917854542892718,11.032571683535709,1.338280534485596,15.090529084376431,10.187163891693892,6.086936101261081,18.345349082967424,1.859897142051997,9.257215320667894,64.54688490712272,8.03,190.0,2.029393276237477,22.01,20.29,13.18,22.0,Outside Range,-0.2237779019675086,-0.0897510358947646,-0.03367765919652976,0.1522815786200553,2024-2026
347,8481617,Vasily Podkolzin,R,164,27,34,0,857.78655,EDM,5.0,387.96666666667,1.0,828.63333333333,10.0,2344.6166666667,27.0,253.0,32.35,357.0,263.0,143.0,38.0,430.0,10.67,331.0,1549.0,11.0,1216.6,0.0,1.676804208449778,0.2465888541837909,0.04931777083675818,0.4931777083675818,12.47739602169982,1.5954298865691274,17.60644418872267,12.970573730067402,7.05244122965642,21.20664145980602,1.8740752917968109,16.324182146966958,76.39322702613842,5.42,308.0,2.0259749734035735,18.59,20.26,15.54,24.53,Inside Range,0.004710045050850292,-0.03747598750720854,-0.0534413479007253,-0.11213603091556301,2024-2026
12,8473986,Alex Killorn,L,164,34,36,1,1019.42675,ANA,3.0,562.05,9.0,1021.4833333333,10.0,2786.4333333333,34.0,282.0,31.8,418.0,290.0,131.0,59.0,549.0,12.06,350.0,1464.0,19.0,1583.5333333333,0.03788995074306483,1.3640382267503337,0.11366985222919448,0.3410095566875834,0.3788995074306483,10.684966109544282,1.2049004336294615,15.837999410601098,10.9880857154888,4.963583547341493,20.801582957942593,2.235507093840825,13.26148276007269,55.470887887846914,7.2,229.0,1.9960768168212566,21.04,19.96,17.31,26.4,Inside Range,-0.18246143161973447,-0.08826213812232028,0.007545445620040836,0.03493664626704773,2024-2026
265,8479999,Casey Mittelstadt,C,152,30,52,0,966.78675,BOS,4.0,466.18333333333,6.0,835.01666666667,9.0,2458.7,30.0,184.0,25.02,283.0,202.0,100.0,23.0,346.0,16.3,311.0,1526.0,15.0,1301.1999999999998,0.0,2.3977866584691054,0.1844451275745466,0.2766676913618199,0.41500153704272985,8.484475868429143,1.153704272978789,13.049492775899173,9.314478942514603,4.611128189363665,15.954503535198283,1.060559483553643,14.340608668920998,70.36581616968952,6.92,238.0,1.994170315157975,20.69,19.94,16.39,25.15,Inside Range,-0.2232292772951402,0.06409166622456694,-0.194889883043121,0.12387951459544377,2024-2026
184,8478366,Frank Vatrano,R,131,26,28,0,881.028,ANA,5.0,404.25,4.0,733.06666666667,7.0,2012.2833333333,26.0,313.0,35.65,454.0,294.0,128.0,52.0,563.0,8.31,312.0,1111.0,11.0,1137.31666666667,0.0,1.477161154178691,0.26377877753190915,0.2110230220255273,0.3692902885446728,16.51255147349751,1.8807426838025119,23.95111299989735,15.510192118876258,6.752736704816874,29.701490350092968,2.743299286331855,16.45979571799113,58.6116443675902,5.8,296.0,1.9933865862157236,19.17,19.93,11.86,20.91,Inside Range,0.08847953567097544,-0.07183049040303696,0.037884262930783896,-0.28546501665921553,2024-2026
201,8478445,Mathew Barzal,C,111,25,67,2,1230.00795,NYI,5.0,487.95,2.0,823.66666666667,9.0,2283.2,25.0,262.0,31.59,399.0,255.0,106.0,58.0,551.0,9.54,259.0,1204.0,11.0,1311.61666666667,0.09149014574888473,3.0649198825876387,0.22872536437221183,0.09149014574888473,0.41170565586998126,11.9852090931039,1.4450868521036344,18.2522840769025,11.664993582982802,4.848977724690891,25.205535153817745,2.6532142267176573,11.847973874480573,55.07706774082861,5.03,323.0,1.9750097970225955,17.97,19.75,14.18,23.26,Inside Range,-0.19446694856103622,0.1210815387896281,0.023764986008734224,-0.1996880738909515,2024-2026
181,8478133,Jake Evans,C,150,25,35,1,927.3009,MTL,5.0,416.28333333333,4.0,864.31666666667,6.0,2319.6,25.0,155.0,27.56,245.0,199.0,91.0,25.0,329.0,16.13,158.0,1263.0,10.0,1280.6,0.04685303763860691,1.6398563173512417,0.23426518819303455,0.18741215055442764,0.2811182258316415,7.26222083398407,1.2912697173200063,11.478994221458693,9.323754490082775,4.2636264251132285,15.414649383101672,1.1713259409651726,7.402779946899892,59.17538653756053,4.69,336.0,1.9677520808411162,17.39,19.68,16.23,25.5,Inside Range,-0.22513473591739805,-0.03409807296943221,-0.15852585045774553,0.16119244550946665,2024-2026
328,8481522,Peyton Krebs,C,163,22,45,0,830.8652500000001,BUF,8.0,393.45,3.0,742.25,8.0,2257.1333333333,22.0,173.0,21.3,284.0,196.0,77.0,26.0,381.0,12.72,316.0,1631.0,11.0,1135.7,0.0,2.3773883948225762,0.4226468257462358,0.1584925596548384,0.4226468257462358,9.139737606762349,1.1252971735493529,15.00396231399137,10.354847230782777,4.067975697807519,20.12855507616448,1.3736021836752663,16.694549616976314,86.16712159901383,5.81,294.0,1.9666190861227786,19.18,19.67,16.76,25.91,Inside Range,-0.1608095682035681,0.06002813461072662,-0.13435348514055537,-0.02256428982004738,2024-2026
40,8475287,Erik Haula,L,150,25,34,0,941.34535,NSH,5.0,413.95,6.0,838.6,9.0,2365.1833333333,25.0,237.0,32.15,372.0,243.0,140.0,47.0,448.0,10.55,279.0,1529.0,15.0,1252.55,0.0,1.6286774979042753,0.23951139675062874,0.28741367610075447,0.43112051415113173,11.3528402059798,1.5400582811065426,17.819647918246776,11.640253882080556,6.706319109017604,21.460221148856334,2.2514071294559104,13.364735938685083,73.24258512634226,7.19,230.0,1.9642430116824965,21.03,19.64,13.73,22.46,Inside Range,-0.13176600499035285,-0.04338758558440545,-0.000861063491071512,-0.08406062892789462,2024-2026
213,8478542,Evan Rodrigues,C,151,26,37,0,966.3702499999999,FLA,5.0,411.83333333333,8.0,857.11666666667,7.0,2420.5,26.0,321.0,34.51,492.0,304.0,138.0,70.0,647.0,8.1,376.0,1491.0,15.0,1268.95,0.0,1.749477914811458,0.23641593443398082,0.37826549509436935,0.3309823082075732,15.177902990661572,1.6317427794633357,23.263327948303715,14.374088813586035,6.5250797903778714,30.59222191575712,3.3098230820757317,17.77847826943536,70.49923164821308,7.09,234.0,1.9635070093257783,20.91,19.64,15.34,24.34,Inside Range,-0.02234029317971087,-0.029999886450392754,0.0847807437511865,-0.2932518494715222,2024-2026
283,8480185,Eetu Luostarinen,C,153,20,37,0,955.876,FLA,4.0,411.18333333333,2.0,847.46666666667,9.0,2432.9666666667,20.0,194.0,30.48,300.0,262.0,141.0,34.0,385.0,10.31,367.0,1420.0,11.0,1258.65,0.0,1.7637945417709449,0.1906804910022643,0.09534024550113215,0.42903110475509476,9.248003813609818,1.4529853414372542,14.301036825169824,12.489572160648313,6.7214873078298165,18.35299725896794,1.6207841735192468,17.49493504945775,67.69157430580383,5.24,318.0,1.9591328869527878,18.31,19.59,18.04,26.82,Inside Range,0.0035846475725678784,-0.019666403536871935,-0.09429760098833045,-0.1548060507707969,2024-2026
82,8476461,Sean Couturier,C,157,27,54,1,1018.35495,PHI,10.0,528.1,1.0,887.86666666667,8.0,2665.0166666667,27.0,274.0,36.02,388.0,282.0,155.0,49.0,492.0,9.85,331.0,1591.0,9.0,1415.9666666666699,0.04237387885778846,2.2881894583205766,0.4237387885778846,0.04237387885778846,0.3389910308623077,11.610442807034037,1.5263071164575404,16.441064996821922,11.949433837896345,6.567951222957211,20.84794839803192,2.076320064031634,14.02575390192798,67.41684126274144,3.81,363.0,1.9536019891564378,15.71,19.54,10.62,19.12,Inside Range,-0.1032821145619092,0.04562603008019464,-0.034131244567910224,-0.17892897647015754,2024-2026
84,8476469,Joel Armia,R,148,24,30,0,850.9199,LAK,6.0,361.53333333333,5.0,823.3,8.0,2100.6166666667,24.0,195.0,24.81,293.0,204.0,82.0,35.0,421.0,12.31,178.0,1243.0,13.0,1184.8333333333298,0.0,1.5192010128006797,0.30384020256013594,0.2532001688001133,0.40512027008018126,9.874806583204418,1.256379237586162,14.83752989168664,10.330566887044622,4.152482768321858,21.31945421296954,1.772401181600793,9.013926009284033,62.94556196370816,6.58,259.0,1.938259346892651,20.26,19.38,15.62,24.17,Inside Range,-0.1968129285951935,-0.05643624113919407,-0.05515606988245564,0.022346291833271525,2024-2026
144,8477505,Alexander Wennberg,C,157,28,62,3,1179.3955,SJS,6.0,596.76666666667,10.0,1072.45,6.0,3088.4833333333,28.0,176.0,27.89,257.0,241.0,135.0,36.0,354.0,15.91,281.0,1460.0,16.0,1669.2166666666699,0.10783501243098038,2.2285902569069282,0.21567002486196077,0.3594500414366013,0.21567002486196077,6.326320729284183,1.0025061655666812,9.237866064920652,8.662745998622091,4.8525755593941176,12.724531466855687,1.2940201491717647,10.100546164368497,52.47970604974379,5.75,300.0,1.9366673508730126,19.1,19.37,16.82,25.67,Inside Range,-0.34626063745601793,0.04557011773675981,-0.13652785428668596,0.14956743020273067,2024-2026
25,8475149,Marcus Johansson,L,147,26,57,1,954.1533,MIN,5.0,432.08333333333,5.0,913.55,9.0,2336.2333333333,26.0,228.0,23.44,325.0,218.0,92.0,43.0,443.0,11.4,255.0,1251.0,14.0,1345.63333333333,0.044588669523644486,2.541554162847736,0.22294334761822243,0.22294334761822243,0.4012980257128004,10.166216651390943,1.045158413634227,14.491317595184459,9.7203299561545,4.102157596175293,19.75278059897451,1.917312789516713,11.370110728529346,55.78042557407925,6.24,278.0,1.8966138408391666,19.8,18.97,11.89,20.79,Inside Range,-0.29990321541736265,0.07798530373466986,-0.04715163056355387,-0.05863491159080947,2024-2026
132,8477456,J.T. Compher,L,158,22,38,0,970.45245,DET,4.0,429.8,5.0,861.13333333333,8.0,2552.4833333333,22.0,193.0,27.88,278.0,229.0,128.0,29.0,345.0,11.4,332.0,1502.0,13.0,1290.93333333333,0.0,1.7661640156992402,0.18591200165255162,0.23239000206568952,0.37182400330510323,8.970254079735616,1.2958066515182847,12.920884114852337,10.64346209460858,5.949184052881652,16.034910142532574,1.347862011980999,15.430696137161785,69.80995662053313,6.04,284.0,1.8851324877578957,19.52,18.85,16.94,25.94,Inside Range,-0.10865996425781449,-0.013169790646598928,-0.13674095219400953,-0.08061509981990206,2024-2026
19,8474150,Mikael Backlund,C,158,32,43,0,1100.56255,CGY,8.0,501.98333333333,4.0,1067.6666666667,9.0,2895.7833333333,32.0,361.0,40.15,539.0,319.0,151.0,60.0,697.0,8.86,221.0,1548.0,13.0,1569.6500000000299,0.0,1.6436785270601415,0.3058006561972356,0.1529003280986178,0.34402573822189003,13.799254610900258,1.534737043289876,20.60331921128875,12.19380116586477,5.771987385722822,26.64288217118415,2.293504921479267,8.447743127448634,59.17242697416509,4.97,324.0,1.869306895992844,17.87,18.69,13.84,22.99,Inside Range,-0.08451556062967629,-0.03663991377159945,-0.00403044493411342,-0.22982547934798497,2024-2026
127,8477444,Andre Burakovsky,L,154,21,49,0,924.9708499999999,CHI,1.0,466.86666666667,7.0,864.2,4.0,2371.05,21.0,201.0,22.54,295.0,242.0,96.0,30.0,403.0,10.45,344.0,1483.0,11.0,1331.06666666667,0.0,2.2087548833016073,0.045076630271461374,0.31553641190022963,0.1803065210858455,9.060402684563735,1.0160272463187392,13.297605930081104,10.908544525693651,4.327356506060291,18.165881999398934,1.3522989081438412,15.506360813382713,66.84864269257722,4.96,325.0,1.8647892248672233,17.85,18.65,13.69,22.87,Inside Range,-0.09260992391685102,0.04565843187580673,-0.14505292290150304,-0.16752465486644913,2024-2026
9,8473512,Claude Giroux,R,163,29,70,0,1035.2275,OTT,9.0,422.4,3.0,979.96666666667,6.0,2811.4166666667,29.0,277.0,29.04,385.0,247.0,101.0,28.0,486.0,10.47,471.0,1711.0,9.0,1402.36666666667,0.0,2.9949371300896033,0.38506334529723474,0.1283544484324116,0.2567088968648232,11.851394071926002,1.242471060825744,16.472154215492818,10.567849587601886,4.3212664305578565,20.793420646050674,1.1979748520358415,20.15164840388862,73.20482042261874,3.85,361.0,1.853841003024595,15.79,18.54,11.94,20.91,Inside Range,-0.11215613734192445,0.1297307450986834,-0.18507230762712681,-0.20297959178125669,2024-2026
393,8482177,Marat Khusnutdinov,C,152,20,25,1,797.5597499999999,BOS,1.0,321.01666666667,6.0,718.85,5.0,2022.8833333333,20.0,119.0,16.62,189.0,147.0,72.0,14.0,223.0,16.81,238.0,1363.0,11.0,1039.86666666667,0.05769970509039602,1.4424926272599006,0.05769970509039602,0.34619823054237614,0.28849852545198007,6.866264905757127,0.9589690986023819,10.905244262084848,8.481856648288217,4.154378766508514,12.867034235158313,0.8077958712655443,13.732529811514254,78.64469803820978,6.35,272.0,1.8405014846232626,19.95,18.41,11.02,20.03,Inside Range,-0.2420655125224584,-0.05491270029661183,-0.25483472305837973,0.1679961258244883,2024-2026
143,8477503,Max Domi,C,154,20,49,1,871.5851,TOR,1.0,417.9,4.0,756.73333333333,9.0,2239.2,20.0,211.0,20.22,307.0,206.0,80.0,35.0,422.0,9.48,317.0,1594.0,13.0,1174.63333333333,0.05107976957348407,2.5029087091007196,0.05107976957348407,0.20431907829393628,0.4597179261613566,10.77783138000514,1.0328329407758476,15.681489259059608,10.522432532137719,4.0863815658787255,21.55566276001028,1.7877919350719422,16.192286954794447,81.4211527001336,6.64,252.0,1.8165959325896934,20.33,18.17,7.67,16.88,Outside Range,-0.19284851442645967,0.07842030031690042,-0.0747853444618837,-0.21850880351508306,2024-2026
99,8476882,Teuvo Teravainen,C,157,29,64,0,1044.5228,CHI,3.0,541.35,5.0,960.65,11.0,2730.7666666667,29.0,200.0,21.75,308.0,191.0,68.0,35.0,415.0,14.5,248.0,1441.0,16.0,1502.0,0.0,2.55659121171771,0.11984021304926765,0.19973368841544606,0.4394141145139814,7.989347536617844,0.8688415446071904,12.303595206391478,7.629826897470041,2.7163781624500665,16.577896138482025,1.3981358189081226,9.906790945406126,57.563249001331556,6.39,268.0,1.7786011006254392,20.0,17.79,13.93,22.81,Inside Range,-0.5273892921195475,0.08975539138629066,-0.11694339959330138,0.1088601062757718,2024-2026
385,8482146,Luke Evangelista,R,149,22,66,0,914.81985,NSH,3.0,493.5,2.0,788.91666666667,6.0,2289.6833333333,22.0,310.0,35.41,431.0,285.0,137.0,44.0,527.0,7.1,252.0,1531.0,8.0,1282.4166666666702,0.0,3.087919942816289,0.1403599974007404,0.09357333160049361,0.2807199948014808,14.503866398076509,1.656715835986739,20.165052959906372,13.334199753070338,6.409773214633812,24.656572876730067,2.0586132952108596,11.790239781662194,71.63038534017785,3.74,366.0,1.7769899860337828,15.56,17.77,9.38,19.0,Inside Range,-0.00034642257389569386,0.13550496176960405,-0.06117695726213762,-0.5213098905760021,2024-2026
103,8476905,Chandler Stephenson,C,158,29,71,0,1166.73205,SEA,7.0,654.28333333333,7.0,1065.5666666667,12.0,3072.2666666667,29.0,166.0,17.9,232.0,163.0,70.0,23.0,289.0,17.47,326.0,1456.0,19.0,1719.85000000003,0.0,2.4769602000174005,0.24420734366368735,0.24420734366368735,0.41864116056632117,5.791202721167442,0.6244730645114291,8.093729104282211,5.686542431025863,2.4420734366368735,10.082274616972235,0.8023955577521156,11.373084862051726,50.795127482046965,6.63,256.0,1.3825511205802674,20.32,13.83,11.4,20.34,Inside Range,-0.9375623131918712,0.10882915770723325,-0.24925509656707778,0.23622107795575575,2024-2026
